-- phpMyAdmin SQL Dump
-- version 5.1.1
-- https://www.phpmyadmin.net/
--
-- Host: 127.0.0.1
-- Generation Time: Nov 09, 2022 at 09:06 AM
-- Server version: 10.4.21-MariaDB
-- PHP Version: 7.4.23

SET SQL_MODE = "NO_AUTO_VALUE_ON_ZERO";
START TRANSACTION;
SET time_zone = "+00:00";


/*!40101 SET @OLD_CHARACTER_SET_CLIENT=@@CHARACTER_SET_CLIENT */;
/*!40101 SET @OLD_CHARACTER_SET_RESULTS=@@CHARACTER_SET_RESULTS */;
/*!40101 SET @OLD_COLLATION_CONNECTION=@@COLLATION_CONNECTION */;
/*!40101 SET NAMES utf8mb4 */;

--
-- Database: `db_blog`
--

-- --------------------------------------------------------

--
-- Table structure for table `admin_cred`
--

CREATE TABLE `admin_cred` (
  `id` int(11) NOT NULL,
  `avtar` varchar(255) NOT NULL,
  `email` varchar(255) NOT NULL,
  `passkey` varchar(255) NOT NULL,
  `created_at` datetime DEFAULT current_timestamp(),
  `updated_at` datetime DEFAULT NULL ON UPDATE current_timestamp()
) ENGINE=InnoDB DEFAULT CHARSET=utf8;

--
-- Dumping data for table `admin_cred`
--

INSERT INTO `admin_cred` (`id`, `avtar`, `email`, `passkey`, `created_at`, `updated_at`) VALUES
(1, '', 'rosanna96@example.com', '234254952895', '1999-04-13 01:30:24', '2017-04-25 07:41:56'),
(2, '', 'emanuel66@example.org', '735205407823', '2007-01-05 16:13:21', '1999-11-22 20:31:54'),
(3, '', 'fbeer@example.com', '401572148986', '2015-12-26 08:50:20', '2013-09-11 15:50:55'),
(4, '', 'gloria61@example.net', '49877648637', '2001-09-30 01:32:57', '1994-03-11 16:30:45'),
(5, '', 'ohoppe@example.net', '654987513824', '1979-11-24 07:08:38', '1970-01-21 04:59:58'),
(6, '', 'queenie.lindgren@example.org', '636933673054', '1986-08-17 22:18:27', '1970-07-25 23:09:49'),
(7, '', 'vonrueden.brielle@example.org', '886478076053', '1978-02-20 06:10:59', '1992-12-30 12:15:50'),
(8, '', 'xjohnston@example.com', '439768472298', '1976-02-04 15:26:23', '1998-04-19 11:17:14'),
(9, '', 'runolfsson.allene@example.net', '2439330532', '1974-06-20 16:10:18', '1992-07-29 09:07:11'),
(10, '', 'christine04@example.net', '936014370658', '2011-11-19 07:25:28', '1995-06-15 18:48:43'),
(11, '', 'ortiz.jettie@example.com', '327097601081', '1992-10-18 07:11:23', '1980-11-16 14:11:02'),
(12, '', 'rogahn.chadd@example.net', '911426040670', '2019-08-23 06:34:05', '1979-06-19 21:56:30'),
(13, '', 'wturner@example.net', '704754308289', '2013-11-02 20:12:03', '1998-01-19 09:54:09'),
(14, '', 'donnelly.camila@example.org', '10466155839', '1998-02-01 10:14:06', '2006-09-08 02:22:08'),
(15, '', 'elta.gleason@example.com', '692683343805', '1998-03-25 23:37:41', '2005-02-08 14:28:48'),
(16, '', 'schoen.sigmund@example.org', '201415553999', '1997-06-05 00:45:25', '1972-07-02 22:19:51'),
(17, '', 'fgutmann@example.org', '213188237124', '1996-06-07 04:03:47', '1973-10-19 16:34:07'),
(18, '', 'lebsack.alberta@example.net', '833454948647', '1993-06-19 22:07:06', '1995-03-22 04:46:54'),
(19, '', 'ostiedemann@example.org', '270992528309', '1988-03-15 08:19:09', '1981-03-16 15:59:52'),
(20, '', 'elenora.kling@example.org', '720580439110', '1984-05-28 15:03:59', '1990-10-03 08:37:07'),
(21, '', 'destini.torphy@example.com', '80530562402', '1989-01-08 00:59:53', '1970-09-01 00:27:06'),
(22, '', 'era.murazik@example.com', '768114118027', '2007-03-31 02:40:12', '2015-08-09 04:34:03'),
(23, '', 'graham.merl@example.org', '87746992083', '1971-04-18 06:07:05', '1996-12-22 01:24:44'),
(24, '', 'zupton@example.net', '340483175354', '1972-01-11 22:05:34', '2005-11-27 02:56:29'),
(25, '', 'bailey.celia@example.net', '497389151995', '2005-11-27 11:42:05', '2007-08-30 09:07:56'),
(26, '', 'ugaylord@example.net', '187475788145', '1985-09-25 13:08:35', '1977-03-29 09:29:30'),
(27, '', 'ckris@example.net', '606384612906', '2013-05-08 18:09:22', '2005-02-12 12:43:35'),
(28, '', 'olson.toy@example.org', '382314909563', '2014-01-07 13:36:59', '1996-06-06 16:20:00'),
(29, '', 'douglas.janie@example.org', '252623952577', '2011-08-18 16:16:43', '2004-09-09 00:11:35'),
(30, '', 'rodriguez.horace@example.org', '933878564164', '1999-10-05 01:09:41', '1979-04-30 07:03:02'),
(31, '', 'anderson.stiedemann@example.com', '514144401132', '1994-01-19 10:06:25', '1972-04-03 07:05:56'),
(32, '', 'letitia.robel@example.net', '851959083698', '1976-12-28 15:34:18', '1996-02-22 11:46:55'),
(33, '', 'baby.ankunding@example.com', '673125548771', '1984-04-04 04:54:35', '1973-04-02 06:16:26'),
(34, '', 'ashly92@example.net', '185493719343', '2004-04-05 09:21:32', '2000-09-20 10:28:12'),
(35, '', 'ruthe.bayer@example.com', '211836181747', '1987-07-23 20:11:52', '2001-07-17 20:27:41'),
(36, '', 'cornell.baumbach@example.org', '547673410226', '1985-08-16 03:01:50', '1988-09-26 21:39:13'),
(37, '', 'frederique51@example.org', '666048614895', '2004-07-20 17:42:49', '2012-07-10 06:59:42'),
(38, '', 'eden.casper@example.com', '642318159769', '2016-08-14 13:42:57', '2021-03-28 13:12:11'),
(39, '', 'mia.legros@example.com', '6462936620', '1984-01-24 08:24:26', '2012-07-30 02:46:36'),
(40, '', 'holly.jones@example.com', '144743996920', '2001-04-01 17:54:42', '1997-12-27 01:43:35'),
(41, '', 'lbogisich@example.org', '718925585139', '2003-11-12 04:39:21', '1976-09-16 09:34:44'),
(42, '', 'barry14@example.net', '405780671520', '2016-07-31 17:09:09', '1981-01-16 12:22:25'),
(43, '', 'melyssa29@example.net', '276524713491', '2008-03-18 01:16:09', '2009-01-07 20:02:00'),
(44, '', 'retha.huel@example.net', '604742221793', '1984-01-23 09:24:04', '2007-09-13 04:55:24'),
(45, '', 'kyleigh74@example.net', '486768038886', '1977-09-29 18:39:33', '2018-10-09 06:10:26'),
(46, '', 'freida.swift@example.com', '154903218265', '2017-07-25 23:44:04', '1984-09-24 05:34:48'),
(47, '', 'beier.jannie@example.net', '663311802018', '1997-12-16 01:11:11', '1975-06-05 04:24:41'),
(48, '', 'johnson.ruthe@example.net', '599798727738', '2010-01-24 15:58:35', '2020-08-27 21:22:39'),
(49, '', 'demario16@example.com', '828218783449', '1984-08-09 17:03:24', '2020-02-16 18:47:40'),
(50, '', 'lang.kacey@example.net', '743723882817', '1991-04-27 19:31:24', '2005-02-02 21:01:05'),
(51, '', 'roderick.ratke@example.net', '90787957714', '2008-10-09 22:20:41', '1988-04-22 07:12:17'),
(52, '', 'sheila99@example.net', '523701043522', '1981-03-23 07:35:13', '1989-12-14 03:50:22'),
(53, '', 'dubuque.trudie@example.org', '64386885303', '2018-09-19 01:39:44', '2019-05-02 13:04:10'),
(54, '', 'ewest@example.com', '744457913554', '2021-12-09 07:09:40', '2009-10-09 05:11:01'),
(55, '', 'daphney51@example.net', '879780332789', '2003-05-27 12:29:47', '1970-08-09 21:25:35'),
(56, '', 'vallie22@example.net', '269440626716', '2011-02-23 15:50:41', '1990-12-19 08:33:22'),
(57, '', 'mcglynn.aryanna@example.net', '889807258588', '1978-03-04 22:44:40', '1982-01-17 07:40:12'),
(58, '', 'jermey15@example.org', '313769223340', '1970-07-26 09:12:27', '2010-02-15 04:48:15'),
(59, '', 'hyman32@example.com', '283213037422', '1988-12-04 03:37:48', '1975-05-13 00:22:17'),
(60, '', 'alfredo55@example.net', '642190968184', '2010-01-22 01:20:34', '2019-07-14 22:22:07'),
(61, '', 'elva.hoppe@example.com', '55479163060', '2015-03-22 11:13:52', '1992-04-26 16:48:26'),
(62, '', 'kenna.von@example.com', '338779127952', '2022-02-17 05:52:13', '2013-05-12 17:05:55'),
(63, '', 'mona32@example.org', '782050616427', '2005-10-22 11:41:23', '1977-05-05 23:25:43'),
(64, '', 'litzy.stokes@example.org', '542967252578', '2016-05-26 11:05:43', '2011-09-17 16:43:02'),
(65, '', 'swift.lottie@example.net', '353362217070', '2012-12-08 05:11:04', '1988-06-13 15:12:26'),
(66, '', 'fbartoletti@example.com', '449451712650', '2005-01-04 21:11:37', '1991-09-17 23:30:21'),
(67, '', 'reece.keebler@example.com', '38444090963', '2022-05-29 22:35:09', '1988-10-29 08:37:44'),
(68, '', 'haley.jennie@example.net', '859189712043', '2014-12-06 17:34:03', '2010-06-22 15:15:20'),
(69, '', 'litzy.emmerich@example.net', '246178217074', '2000-09-19 09:56:14', '2017-08-17 07:44:34'),
(70, '', 'mario.keebler@example.net', '235557275016', '1991-05-19 12:04:38', '1999-12-29 07:27:27'),
(71, '', 'horacio.russel@example.com', '743650747678', '1971-07-28 12:12:58', '1987-02-13 19:17:15'),
(72, '', 'liza86@example.net', '801679444780', '2020-12-18 16:06:57', '1978-08-09 10:41:46'),
(73, '', 'gail.brakus@example.com', '872734714233', '2008-07-05 19:41:03', '1993-08-16 09:31:21'),
(74, '', 'ukerluke@example.net', '185506386359', '1989-01-20 15:50:06', '2011-09-01 02:56:29'),
(75, '', 'darby.hoeger@example.net', '712886963962', '2021-07-02 21:14:08', '2004-11-03 20:50:10'),
(76, '', 'lillian.jones@example.net', '192485664939', '1985-08-09 19:09:44', '2005-10-08 06:59:18'),
(77, '', 'fernando97@example.com', '76828313088', '1993-04-17 08:16:50', '2006-08-27 08:21:09'),
(78, '', 'allan72@example.org', '489489920153', '1982-07-25 23:10:49', '1986-03-21 00:49:46'),
(79, '', 'jjerde@example.net', '620661492974', '1971-10-23 23:27:12', '2017-05-02 06:52:37'),
(80, '', 'seamus15@example.net', '732824818199', '2011-08-31 13:47:06', '1983-06-08 17:00:42'),
(81, '', 'etha24@example.org', '984775969764', '1979-02-02 14:09:02', '2005-09-01 01:17:20'),
(82, '', 'cristobal99@example.net', '966539211829', '1999-04-12 21:07:24', '2018-07-07 04:54:06'),
(83, '', 'cyril79@example.com', '167692562724', '1997-04-10 07:11:29', '1973-05-01 18:27:27'),
(84, '', 'delta68@example.org', '485516793603', '1985-07-29 05:00:54', '1996-05-28 09:54:20'),
(85, '', 'einar17@example.org', '348056990705', '2006-07-05 22:29:19', '1972-04-25 11:13:09'),
(86, '', 'kelley63@example.net', '896093728949', '1987-04-06 11:21:35', '2000-06-29 05:24:45'),
(87, '', 'concepcion.goldner@example.net', '687973135637', '1990-10-07 06:08:48', '2012-10-15 22:16:34'),
(88, '', 'mann.paula@example.org', '137454322204', '1988-02-16 17:07:32', '2000-05-12 19:02:45'),
(89, '', 'qgleichner@example.org', '583438133748', '1992-09-05 17:42:17', '1985-07-12 03:40:37'),
(90, '', 'wemmerich@example.net', '419906641764', '1991-12-04 16:36:04', '2017-01-26 18:00:51'),
(91, '', 'spinka.amani@example.com', '752128993356', '1989-01-17 01:12:29', '2017-09-21 11:13:49'),
(92, '', 'shanelle44@example.org', '818719724296', '2004-06-01 19:47:06', '2005-09-17 08:03:00'),
(93, '', 'wilkinson.arturo@example.com', '53867804019', '1980-01-23 20:04:19', '2004-03-18 13:37:00'),
(94, '', 'kristoffer32@example.org', '946756022273', '1986-01-27 17:50:00', '1986-05-03 17:34:27'),
(95, '', 'ifunk@example.org', '331667649009', '2002-07-28 03:00:22', '2019-03-20 00:26:53'),
(96, '', 'susana.reilly@example.org', '90976761905', '2014-04-24 04:57:38', '2020-10-01 22:39:46'),
(97, '', 'ressie50@example.org', '752981269956', '1976-06-28 02:58:56', '1989-04-18 04:32:54'),
(98, '', 'bvolkman@example.com', '858950408082', '1999-01-19 21:33:51', '1972-08-16 03:32:23'),
(99, '', 'pstehr@example.org', '511071668183', '1980-07-12 04:31:13', '2019-12-11 11:33:54'),
(100, '', 'stehr.keenan@example.net', '631348803516', '2017-11-10 00:07:12', '1993-08-26 11:16:24'),
(101, '', 'ariane.robel@example.net', '569678763428', '1987-08-03 02:54:17', '2016-12-29 04:27:46'),
(102, '', 'dee.mosciski@example.com', '576060573910', '2015-08-23 00:32:49', '1985-03-29 01:39:06'),
(103, '', 'mertz.tyshawn@example.org', '64872011119', '2002-12-23 17:30:56', '2011-05-12 04:30:21'),
(104, '', 'rocio.o\'conner@example.org', '587455026980', '1985-08-10 11:39:25', '2009-03-12 02:33:40'),
(105, '', 'tshanahan@example.com', '512360719550', '1988-11-30 13:15:31', '1997-04-19 04:55:55'),
(106, '', 'rollin.hodkiewicz@example.net', '103240994017', '1988-03-12 00:30:28', '2022-01-02 09:41:11'),
(107, '', 'jeromy90@example.com', '973821871590', '1995-07-24 14:33:33', '1977-09-18 07:01:04'),
(108, '', 'ankunding.khalil@example.net', '540862139272', '1984-10-15 06:56:25', '2009-08-20 11:55:11'),
(109, '', 'madilyn81@example.net', '93988558178', '2004-09-05 21:03:24', '2011-11-01 16:20:41'),
(110, '', 'pfannerstill.darren@example.com', '80395978351', '1979-03-19 16:06:46', '1993-05-31 17:00:51'),
(111, '', 'ebert.ardith@example.net', '551918857376', '2014-07-06 02:16:01', '1973-10-06 22:55:45'),
(112, '', 'boyer.norval@example.net', '884572016241', '1980-10-10 20:07:31', '1997-10-14 14:30:20'),
(113, '', 'erin.bradtke@example.org', '133209078752', '1996-12-25 07:42:11', '2020-05-28 01:25:53'),
(114, '', 'orville03@example.com', '520396747157', '1995-10-02 23:51:25', '1986-04-14 18:02:18'),
(115, '', 'mswift@example.org', '122905119697', '1985-10-02 15:23:11', '2015-11-22 03:48:29'),
(116, '', 'kirlin.lon@example.org', '27698288587', '2015-12-14 15:20:27', '2005-07-21 09:38:17'),
(117, '', 'jules.vonrueden@example.net', '67072390515', '2006-03-20 21:18:08', '1997-05-22 05:29:19'),
(118, '', 'forest49@example.net', '64375663030', '2020-03-26 19:34:48', '2011-07-11 16:30:52'),
(119, '', 'lebsack.boris@example.org', '339266225459', '1989-06-03 03:12:02', '1980-07-24 15:12:00'),
(120, '', 'rudy72@example.net', '796858201587', '2000-08-24 17:01:49', '2014-01-27 13:14:50'),
(121, '', 'sid76@example.net', '212901406565', '1983-08-24 17:26:51', '2012-05-18 13:13:40'),
(122, '', 'lilian79@example.com', '386194494794', '1996-05-10 22:22:08', '2011-10-16 03:17:46'),
(123, '', 'hills.dana@example.org', '909508289113', '1974-01-16 03:06:06', '1995-06-02 21:46:44'),
(124, '', 'blanca77@example.org', '668057226585', '2013-09-28 13:37:54', '2018-06-23 23:20:46'),
(125, '', 'franco.kling@example.com', '542453188693', '1995-10-24 20:18:52', '1989-03-22 11:48:51'),
(126, '', 'ykoss@example.net', '114652247849', '2001-12-15 23:59:07', '2002-07-13 07:27:42'),
(127, '', 'murphy.alessandro@example.org', '458262044912', '1981-01-21 17:19:51', '1982-07-18 12:09:27'),
(128, '', 'skyla.kertzmann@example.net', '429016421480', '1970-05-04 18:55:22', '2004-10-25 07:39:38'),
(129, '', 'oma03@example.com', '464646334263', '2022-02-23 14:26:38', '2010-06-04 04:30:09'),
(130, '', 'felton60@example.net', '310320867494', '2013-09-01 08:00:42', '1971-06-20 04:18:36'),
(131, '', 'valentine74@example.net', '793336893608', '1995-08-22 14:20:40', '1976-06-27 22:59:33'),
(132, '', 'mtillman@example.com', '505354675991', '1970-10-16 09:55:06', '2021-02-13 02:44:05'),
(133, '', 'parisian.antonia@example.net', '222214571703', '2020-08-01 19:32:24', '1987-01-18 09:06:38'),
(134, '', 'hattie37@example.net', '928637017737', '1992-09-25 13:58:23', '2011-01-14 09:16:44'),
(135, '', 'nicolas.josiane@example.org', '327946967045', '2010-06-21 04:23:53', '1991-02-10 12:57:37'),
(136, '', 'carmelo34@example.net', '476147786092', '1982-06-25 15:53:37', '2000-07-25 16:33:15'),
(137, '', 'britchie@example.org', '326447777856', '1987-04-05 12:11:51', '1991-11-14 04:00:29'),
(138, '', 'gibson.louvenia@example.net', '24551590071', '1979-09-05 14:41:12', '2010-09-24 20:03:36'),
(139, '', 'rebekah37@example.com', '127543957041', '1995-01-25 12:26:52', '2011-08-24 22:32:12'),
(140, '', 'ahand@example.net', '636681332386', '2021-05-27 21:40:13', '1998-09-04 07:29:53'),
(141, '', 'ekirlin@example.com', '286594129522', '1986-01-30 01:07:35', '2020-07-12 00:46:29'),
(142, '', 'slebsack@example.com', '562001793381', '1970-04-05 23:57:35', '1986-07-21 20:34:50'),
(143, '', 'collins.maverick@example.com', '66135393249', '1990-12-16 22:58:01', '1995-06-25 17:36:13'),
(144, '', 'ybahringer@example.net', '25007197988', '1990-10-22 03:47:30', '1974-06-15 08:31:02'),
(145, '', 'ross.o\'kon@example.org', '254669031', '2001-05-21 23:07:10', '1998-07-23 12:58:01'),
(146, '', 'o\'keefe.nannie@example.com', '578853330780', '1982-01-02 05:32:36', '2003-11-12 20:39:36'),
(147, '', 'genesis.hand@example.net', '845583882154', '2018-10-26 08:43:19', '1978-09-11 13:56:21'),
(148, '', 'kaley.ankunding@example.org', '799330170475', '1988-07-28 20:07:30', '2022-09-27 18:28:06'),
(149, '', 'augustine46@example.net', '535908770665', '1978-08-06 08:01:08', '1970-10-21 14:12:02'),
(150, '', 'iblock@example.org', '142381518995', '2006-01-29 14:14:20', '2018-02-25 00:51:05'),
(151, '', 'gpfeffer@example.org', '164605651804', '2003-05-26 20:33:33', '1984-01-20 19:10:30'),
(152, '', 'jadyn.feeney@example.com', '345962748832', '1992-11-26 23:06:43', '1972-09-21 13:50:38'),
(153, '', 'domenick.smith@example.net', '659223066190', '1985-06-12 18:04:17', '1970-02-04 22:54:54'),
(154, '', 'ratke.dariana@example.com', '402885601876', '1977-07-03 20:23:57', '2012-05-24 03:35:47'),
(155, '', 'jasmin.nolan@example.com', '444402952423', '1975-09-02 07:10:06', '1995-06-19 15:52:46'),
(156, '', 'torp.dillan@example.com', '126863609840', '1996-09-06 15:18:57', '2004-03-28 13:22:35'),
(157, '', 'kemmer.fredrick@example.com', '187573466891', '1995-06-04 04:07:37', '2015-04-27 12:02:30'),
(158, '', 'dannie63@example.com', '449042579731', '2006-12-28 00:27:49', '2019-09-21 19:33:29'),
(159, '', 'fheaney@example.com', '772070363347', '2009-11-27 04:25:03', '2011-01-12 15:06:37'),
(160, '', 'rossie42@example.com', '851157210306', '1987-02-13 00:36:10', '2018-03-31 08:50:41'),
(161, '', 'schmitt.aimee@example.org', '753668091828', '2002-10-29 00:03:57', '1999-04-26 12:28:23'),
(162, '', 'szemlak@example.org', '30865317414', '1999-10-09 21:37:50', '2001-08-28 06:14:23'),
(163, '', 'wyman.jerde@example.org', '159047543566', '2014-02-14 06:02:10', '1983-08-13 10:41:58'),
(164, '', 'kaylah41@example.com', '371556277397', '1974-03-31 16:02:02', '2003-10-14 05:51:03'),
(165, '', 'devante.feil@example.net', '893073907965', '1998-04-16 06:11:51', '1995-12-10 08:29:02'),
(166, '', 'agoodwin@example.net', '816155482720', '2019-02-17 07:50:00', '2018-03-21 00:52:34'),
(167, '', 'rohan.marcelle@example.net', '30269178645', '2004-06-08 08:09:09', '1973-09-08 14:24:51'),
(168, '', 'o\'hara.anita@example.net', '981707412865', '2003-08-08 17:03:20', '1996-07-11 16:08:08'),
(169, '', 'anais.reynolds@example.net', '495964921116', '1989-04-06 09:32:25', '1971-02-24 14:26:06'),
(170, '', 'fletcher02@example.org', '369740360863', '1993-08-30 08:14:27', '1976-08-17 12:13:18'),
(171, '', 'lboehm@example.com', '604695876923', '2007-04-30 09:17:52', '1984-06-04 21:54:09'),
(172, '', 'runte.clark@example.org', '775036284222', '2019-11-01 12:26:37', '2011-08-27 14:14:45'),
(173, '', 'antonette50@example.com', '571102746466', '1994-06-28 07:04:55', '1979-08-10 22:33:56'),
(174, '', 'gkeeling@example.com', '602652241956', '1984-02-25 07:06:48', '2013-06-26 10:22:16'),
(175, '', 'mona.kreiger@example.com', '773971657165', '2014-06-15 03:57:15', '2015-02-19 18:21:28'),
(176, '', 'tamia.gislason@example.net', '779612966837', '2015-12-02 05:12:36', '1991-12-20 20:37:54'),
(177, '', 'cloyd.ortiz@example.com', '88865575347', '1973-09-29 21:25:17', '2014-06-14 07:23:20'),
(178, '', 'lorenzo58@example.com', '231721790293', '2000-10-20 20:21:09', '1995-02-25 12:49:45'),
(179, '', 'becker.santiago@example.net', '461985950187', '1983-05-24 10:16:00', '1983-09-24 08:25:26'),
(180, '', 'cruickshank.adriana@example.org', '916635483653', '1983-04-06 17:26:48', '2003-12-10 10:17:27'),
(181, '', 'lesly.johnson@example.org', '386555639919', '2015-03-18 05:31:30', '1987-06-17 20:00:09'),
(182, '', 'travis.reichel@example.org', '371078629112', '1991-01-22 20:33:23', '2017-06-14 15:06:34'),
(183, '', 'bailey.duncan@example.net', '246415822934', '1976-01-12 06:06:54', '1978-05-24 04:41:47'),
(184, '', 'fisher.theresia@example.com', '482017918216', '2008-12-30 14:43:58', '1974-09-09 17:09:16'),
(185, '', 'johnson.georgette@example.org', '451557913882', '1998-11-11 02:06:25', '2007-12-23 15:27:36'),
(186, '', 'francesca.barton@example.org', '749727655447', '1983-01-01 03:42:06', '2000-06-16 13:28:49'),
(187, '', 'mcclure.trace@example.com', '610997437531', '2002-08-29 02:48:02', '1985-07-23 20:13:53'),
(188, '', 'zboncak.duane@example.net', '723662616223', '2001-05-24 14:18:07', '1987-01-06 11:25:41'),
(189, '', 'jordane25@example.net', '114796660930', '1982-10-24 18:30:48', '2012-02-17 13:01:15'),
(190, '', 'margarette57@example.org', '92026611851', '2013-04-21 22:15:38', '1988-01-27 02:25:04'),
(191, '', 'maryjane03@example.com', '328619638075', '2007-12-17 20:42:26', '2009-11-18 20:42:02'),
(192, '', 'dell09@example.com', '772822037690', '2002-09-25 18:21:44', '1996-02-16 15:26:44'),
(193, '', 'hayden.kuvalis@example.com', '436315047438', '1998-06-29 05:52:57', '2006-05-17 08:46:02'),
(194, '', 'bpagac@example.org', '118619045031', '2007-03-25 21:51:34', '2022-11-05 16:35:23'),
(195, '', 'jschoen@example.net', '162505042857', '2014-06-12 06:31:39', '2003-04-15 14:35:27'),
(196, '', 'dhuel@example.net', '387420471799', '2005-03-03 21:15:27', '1989-06-18 01:38:16'),
(197, '', 'breitenberg.lisette@example.org', '818752002010', '1998-05-04 06:10:43', '1992-04-04 08:35:43'),
(198, '', 'kbecker@example.org', '964495439377', '2019-03-01 17:23:13', '2000-09-28 11:23:18'),
(199, '', 'rbode@example.net', '197687965137', '2000-05-24 02:51:46', '1996-10-11 01:12:47'),
(200, '', 'brain.bahringer@example.org', '788034399930', '2020-07-10 03:12:28', '1990-04-18 05:14:06');

-- --------------------------------------------------------

--
-- Table structure for table `admin_details`
--

CREATE TABLE `admin_details` (
  `admin_id` int(11) NOT NULL,
  `u_name` varchar(255) DEFAULT NULL,
  `contact_no` varchar(10) DEFAULT NULL,
  `city` varchar(30) DEFAULT NULL,
  `updated_at` datetime DEFAULT NULL ON UPDATE current_timestamp()
) ENGINE=InnoDB DEFAULT CHARSET=utf8;

--
-- Dumping data for table `admin_details`
--

INSERT INTO `admin_details` (`admin_id`, `u_name`, `contact_no`, `city`, `updated_at`) VALUES
(1, 'Efren Lesch', '(674)156-7', 'North Dejon', '2002-11-12 11:54:18'),
(2, 'Felipe Rowe V', '090-661-69', 'Reinamouth', '1987-04-17 20:33:30'),
(3, 'Sophia Yundt', '598.427.37', 'West Amiyaport', '1975-04-26 16:27:30'),
(4, 'Dee Wilkinson', '1-076-353-', 'Marianeland', '2017-03-08 03:28:55'),
(5, 'Ricky Becker', '506-023-74', 'Maximilliabury', '1970-12-26 17:30:11'),
(6, 'Sonya Green', '234.062.80', 'East Nehafurt', '1997-11-17 01:23:40'),
(7, 'Prof. Elnora Gislason DDS', '(382)515-8', 'Lindgrenport', '2021-02-22 13:57:14'),
(8, 'Katharina Zieme Sr.', '1-685-999-', 'South Mayra', '2018-07-19 21:59:02'),
(9, 'Ford Monahan', '(895)751-5', 'Tiannaland', '1999-09-30 19:25:50'),
(10, 'Elian Hackett', '+44(9)7843', 'Larkinland', '2020-11-17 15:22:27'),
(11, 'Mr. Tony Lang PhD', '183-974-77', 'East Simton', '2014-03-12 04:31:36'),
(12, 'Tamia Gleason', '554-361-45', 'McClureside', '2022-03-23 22:52:16'),
(13, 'Enola Toy', '1-584-598-', 'Roobbury', '2011-08-06 05:15:56'),
(14, 'Terrance Botsford DVM', '+10(0)3234', 'Parisianstad', '1987-05-06 21:20:16'),
(15, 'Dr. Xzavier Heller', '788.648.71', 'New Johnathonburgh', '1987-07-22 21:06:11'),
(16, 'Leonardo Frami IV', '1-900-769-', 'New Brown', '1996-01-12 14:35:32'),
(17, 'Dr. Rickie Wilkinson Jr.', '(057)537-8', 'Cecilberg', '2021-04-02 15:07:33'),
(18, 'Vinnie Miller', '0688973524', 'Amaliaborough', '1997-01-19 20:52:46'),
(19, 'Mike Frami', '752.546.19', 'East Jada', '2018-06-07 02:03:50'),
(20, 'Tillman Ziemann', '751.029.13', 'South Noemy', '2020-01-02 14:38:54'),
(21, 'Robbie Thompson', '492-535-21', 'West Claud', '1986-04-11 03:13:49'),
(22, 'Prof. Lily Cole', '(934)677-0', 'McCluremouth', '2002-03-01 02:42:42'),
(23, 'Prof. Alisha Langosh', '0302456728', 'North Bradfordmouth', '2016-03-11 19:57:46'),
(24, 'Prof. Frederick Murazik II', '1-230-659-', 'Drakefort', '1997-01-11 07:37:42'),
(25, 'Dr. Taurean Gutkowski Jr.', '991-682-55', 'Port Abner', '2015-05-07 06:17:28'),
(26, 'Austen Leuschke', '1-632-036-', 'Sidneyfort', '1987-07-26 07:02:16'),
(27, 'Rylan Heller', '382.021.07', 'Wehnermouth', '1977-04-29 21:37:21'),
(28, 'Mrs. Bernita Littel Sr.', '0908399239', 'East Jeanettestad', '2015-01-23 09:42:49'),
(29, 'Dillan Rogahn', '1-512-590-', 'Lake Bertha', '1984-12-02 09:31:12'),
(30, 'Ms. Kylie Bergnaum Jr.', '(338)519-2', 'Connellyport', '1972-11-06 06:03:15'),
(31, 'Dr. Maeve Reilly', '1-406-726-', 'Maraport', '1982-09-30 10:38:14'),
(32, 'Ronaldo Fritsch', '+95(5)2154', 'Hintzside', '2013-04-24 13:52:23'),
(33, 'Mrs. Colleen Ernser', '(602)514-3', 'Kallieview', '1982-06-12 13:08:45'),
(34, 'Ms. Antoinette Walsh III', '1-489-634-', 'East Hermannview', '2011-08-26 11:56:47'),
(35, 'Andres Reinger', '+16(0)3507', 'Port Zeldachester', '1976-04-14 14:17:11'),
(36, 'Marcelle Nicolas', '331.056.47', 'Mertzborough', '1996-04-07 14:56:22'),
(37, 'Boyd Barton DDS', '449.035.93', 'North Alexys', '2011-09-21 23:27:04'),
(38, 'Dr. Josianne Rohan III', '(990)112-8', 'Casperland', '2015-12-23 22:16:01'),
(39, 'Nasir Maggio', '818-097-81', 'Cassinburgh', '1998-12-22 13:28:16'),
(40, 'Margarete Zemlak', '795-584-61', 'Rueckerburgh', '2006-10-31 03:10:49'),
(41, 'Prof. Art Tillman II', '767.522.32', 'Rowenaville', '1975-06-25 20:50:53'),
(42, 'Keira Doyle', '(890)871-5', 'West Dock', '2017-01-20 10:47:04'),
(43, 'Ms. Candida Veum DDS', '218-887-93', 'Lockmanmouth', '1990-05-31 02:14:44'),
(44, 'Dr. Annabel Jones MD', '997.797.16', 'Olgaburgh', '2017-12-04 01:13:16'),
(45, 'Bernhard Larkin', '+32(7)0961', 'Lake Leonorport', '2011-11-17 04:20:55'),
(46, 'Myrtie Lueilwitz', '757-549-38', 'South Dusty', '2005-04-03 12:32:17'),
(47, 'Junius Kautzer', '156.570.41', 'North Thurman', '2004-03-27 12:14:52'),
(48, 'Prof. Jordyn Murphy DDS', '+02(3)2450', 'Kossmouth', '1986-03-02 00:21:09'),
(49, 'Prof. Theresa Hagenes II', '627-294-22', 'East Paris', '1983-06-14 18:40:49'),
(50, 'Ms. Madelyn Cummerata', '421.098.23', 'Warrenburgh', '1977-08-16 18:55:45'),
(51, 'Shanie Nicolas Jr.', '980-339-86', 'Lake Brannon', '1984-11-28 19:40:51'),
(52, 'Alyce Wolff', '474.881.79', 'North Demetriusborough', '1987-09-25 20:53:56'),
(53, 'Joelle Leffler', '1-984-035-', 'East Quintenton', '2022-04-24 06:13:12'),
(54, 'Mrs. Carolanne Leannon PhD', '853-090-52', 'New Abigaleborough', '2005-02-11 12:17:20'),
(55, 'Shirley Pacocha', '737.281.25', 'North Jeremie', '2011-10-24 12:01:52'),
(56, 'Eusebio Tromp', '663.087.90', 'Lake Stephany', '1993-12-11 15:05:12'),
(57, 'Chad Mueller', '(326)299-9', 'Lake Carolyn', '2018-07-01 05:38:19'),
(58, 'Gage Howell', '800.652.43', 'Lake Adelechester', '2011-08-29 11:44:13'),
(59, 'Kelli Beatty', '(925)276-0', 'Lake Brettport', '2003-12-20 14:43:35'),
(60, 'Miss Dulce Johns', '582-691-60', 'Heathcoteshire', '2021-02-10 20:39:58'),
(61, 'Ivy Moore', '172.979.83', 'Jacobifurt', '1990-02-28 22:41:37'),
(62, 'Matteo Bartell', '1-531-362-', 'Pricehaven', '1980-11-22 16:10:12'),
(63, 'Miss Myrna Frami', '276.794.00', 'East Bartholomeshire', '1988-09-29 15:19:47'),
(64, 'Miss Caitlyn Hoeger', '982.174.00', 'New Christelleton', '1994-11-17 10:24:22'),
(65, 'Dr. Sheridan Walsh', '1-436-636-', 'New Sammy', '1990-06-03 12:09:38'),
(66, 'Marley Wunsch', '(253)836-2', 'New Emileton', '1992-11-04 06:43:10'),
(67, 'Harmony Heller', '902-089-39', 'Namechester', '2017-11-21 07:56:44'),
(68, 'Laila Prosacco II', '272-498-99', 'Hintzville', '1995-10-31 21:42:33'),
(69, 'Elena Anderson', '1-313-111-', 'Cordelialand', '1986-09-04 23:43:31'),
(70, 'Prof. Kareem West III', '259.964.46', 'New Fae', '1989-08-09 12:58:52'),
(71, 'Dr. Preston Lind', '896-392-88', 'Rosinaton', '2016-08-17 05:49:31'),
(72, 'Eusebio Labadie Jr.', '167-586-95', 'New Boyd', '1989-02-15 21:40:33'),
(73, 'Kole Murphy', '888.837.15', 'Destinville', '2015-05-10 19:26:48'),
(74, 'Ms. Shana Kuhic Jr.', '0390703531', 'Rickiefurt', '1985-09-08 11:24:14'),
(75, 'Viviane Reinger DDS', '+65(6)4356', 'North Arielle', '1999-03-24 22:33:17'),
(76, 'Miss Lyda Bosco DDS', '0398027965', 'North Cade', '1981-06-11 05:15:31'),
(77, 'Dr. Reanna Gorczany III', '006.644.94', 'Port Joeville', '1984-10-18 06:30:48'),
(78, 'Zena Kshlerin', '1-796-990-', 'Wisozkchester', '2009-04-03 17:58:32'),
(79, 'Eloy Willms Sr.', '1-839-577-', 'Kihnmouth', '2013-01-17 21:07:12'),
(80, 'Georgiana Crist', '(773)477-2', 'Port Adele', '2003-10-21 02:25:15'),
(81, 'Karlee Thompson PhD', '724-432-28', 'Port Joeport', '2012-05-26 06:09:38'),
(82, 'Prof. Xavier Schamberger DVM', '1-903-496-', 'South Tania', '1989-05-04 23:21:47'),
(83, 'Raul Pollich', '1-180-498-', 'Kaileeborough', '2007-03-09 11:40:35'),
(84, 'Margaretta Oberbrunner', '477.410.24', 'Zolaburgh', '2016-02-17 17:13:00'),
(85, 'Don Volkman', '(534)622-9', 'North Raheem', '1983-01-27 03:05:42'),
(86, 'Meda Ziemann', '1-118-978-', 'Port Will', '1997-12-10 21:58:28'),
(87, 'Alene Mraz', '577-667-37', 'East Gideon', '2010-01-22 14:07:02'),
(88, 'Rosalyn Smitham', '(408)587-4', 'Levimouth', '1999-07-10 19:54:35'),
(89, 'Sienna Lehner', '839-410-99', 'North Georgianna', '1998-06-28 23:58:55'),
(90, 'Janie Homenick', '(754)323-8', 'New Eryn', '1985-04-06 17:38:11'),
(91, 'Dr. Jayde Raynor', '597-051-06', 'East Brent', '2013-08-12 18:15:39'),
(92, 'Aubree Nader', '1-612-447-', 'South Francisca', '2004-02-08 00:13:30'),
(93, 'Bella Prosacco', '+71(5)9869', 'Bednarstad', '1994-06-25 00:48:24'),
(94, 'Hope Roob', '+49(6)0729', 'Bechtelarburgh', '2019-11-26 05:19:05'),
(95, 'Dr. Mathilde Fritsch Sr.', '1-551-016-', 'Gloverstad', '1995-11-16 20:11:06'),
(96, 'Osbaldo Okuneva', '+17(4)3027', 'North Breanneshire', '2011-06-15 11:03:48'),
(97, 'Mitchell Frami', '(885)935-3', 'Port Brownmouth', '2015-01-06 02:19:08'),
(98, 'Shakira Predovic', '1-737-888-', 'West Calistaton', '1998-06-07 07:42:30'),
(99, 'Magdalen Lang', '194-658-54', 'Malikaland', '1997-03-06 00:18:08'),
(100, 'Prof. Fred Hansen', '+51(6)5279', 'Marcelinochester', '1988-12-12 05:44:51'),
(101, 'Maureen Larson', '+60(8)7023', 'McClureport', '2017-12-19 00:57:28'),
(102, 'Lila Maggio', '1-365-548-', 'Lake Garret', '1998-11-22 20:54:35'),
(103, 'Kamille Wuckert', '242-005-81', 'Brakuston', '1989-02-06 02:14:00'),
(104, 'Mr. Reyes Tromp', '1-820-317-', 'Trudiestad', '1983-06-12 00:07:45'),
(105, 'Kennedy Mueller', '993.773.51', 'Graycebury', '2014-06-12 19:56:50'),
(106, 'Mr. Dennis Morar', '1-340-902-', 'Torphyton', '2021-01-21 04:58:21'),
(107, 'Sierra Schaefer', '749-279-90', 'Harveyhaven', '1977-06-02 16:27:58'),
(108, 'Dr. Roy Brekke Jr.', '583-774-80', 'Reillyborough', '1975-02-02 07:34:09'),
(109, 'Mr. Dereck Jones', '167.846.37', 'South Janfort', '2010-10-04 09:56:22'),
(110, 'Danny Terry', '325-029-46', 'West Annalisefort', '2012-08-12 11:04:48'),
(111, 'Amely Daugherty', '033.365.94', 'South Allison', '2002-02-20 21:10:53'),
(112, 'Prof. Henri Welch', '1-667-830-', 'South Alexane', '2016-12-09 14:13:46'),
(113, 'Miss Shanna Gleason DDS', '1-761-521-', 'Lake Thelma', '2011-06-09 00:15:36'),
(114, 'Dr. Marielle Kulas', '(453)092-3', 'South Tanya', '1976-03-25 03:23:47'),
(115, 'Mack Daniel', '445-917-02', 'Lake Shirley', '1972-05-21 08:36:37'),
(116, 'Belle Mosciski', '691.342.65', 'Port Eltonport', '1995-04-07 14:08:05'),
(117, 'Oda Harvey', '(480)300-3', 'Ferrychester', '2010-01-12 06:48:11'),
(118, 'Estel Schuster', '332-193-12', 'East Marjolaine', '1982-09-28 18:21:28'),
(119, 'Dariana Howe Sr.', '1-423-434-', 'Colefurt', '1981-01-01 20:52:17'),
(120, 'Junius Kulas Sr.', '830.964.30', 'Port Wilfrid', '2013-06-20 19:24:24'),
(121, 'Erling Steuber', '061-378-58', 'Araceliside', '1998-08-19 16:54:02'),
(122, 'Doyle Stehr', '1-295-290-', 'West Edgardo', '2000-11-07 06:10:16'),
(123, 'Rose Schowalter', '(214)441-9', 'West Kasandra', '2019-11-04 00:25:57'),
(124, 'Mr. Unique Christiansen', '0465543626', 'Walterhaven', '1976-09-14 01:09:34'),
(125, 'Dr. Raquel Wyman Sr.', '(868)294-5', 'East Kassandra', '1979-07-29 19:53:44'),
(126, 'Dr. Ursula Kertzmann DDS', '(843)108-4', 'Oberbrunnerview', '1995-10-24 18:44:22'),
(127, 'Fredy Walsh', '246.939.81', 'Elnoraton', '1972-09-13 10:39:18'),
(128, 'Dr. Okey Mosciski', '0319761761', 'Lake Shanonberg', '1990-05-21 09:03:31'),
(129, 'Prof. Cristian Lebsack MD', '0984509000', 'West Eldoraland', '1999-12-03 04:36:30'),
(130, 'Louvenia Feest', '301-571-85', 'Lake Eliezerfurt', '1986-10-23 16:10:40'),
(131, 'Alden Cremin', '(328)816-3', 'Starkland', '2012-06-29 00:59:41'),
(132, 'Prof. Jacky Jast DDS', '678.041.87', 'West Vadastad', '1989-03-22 09:47:33'),
(133, 'Dr. Josianne Marvin', '829.952.22', 'Halvorsonfurt', '1996-04-11 22:20:24'),
(134, 'Breanne Quigley', '069.017.48', 'Buckridgeborough', '2014-04-20 02:11:07'),
(135, 'Alexa Walker', '1-251-848-', 'North Candida', '2006-10-05 01:21:40'),
(136, 'Dr. Amy Durgan', '377-963-50', 'Lake Shaylee', '2001-02-01 19:59:23'),
(137, 'Marisa Waelchi', '(173)742-0', 'Andersonfort', '1979-02-21 14:38:38'),
(138, 'Stuart Schulist', '1-270-104-', 'Merlinport', '1982-01-22 02:45:45'),
(139, 'Cornelius Harris V', '646-064-77', 'Hegmannfort', '2001-11-22 10:00:11'),
(140, 'Mr. Mustafa Wilderman', '234-881-22', 'Port Nathaniel', '2001-07-27 00:10:38'),
(141, 'Mr. Tristin Hammes II', '(607)051-4', 'Schaeferstad', '2020-03-11 22:59:02'),
(142, 'Martine Pacocha MD', '1-118-203-', 'East Fay', '2019-08-12 01:58:24'),
(143, 'Heidi Howell', '1-326-507-', 'South Gerhard', '1982-02-07 17:38:14'),
(144, 'Antonina Hermann', '(848)370-9', 'New Danbury', '2019-10-23 17:47:47'),
(145, 'Prof. Doyle Schamberger', '136.478.15', 'Port Dougmouth', '1989-06-07 20:23:18'),
(146, 'Otha Bernhard', '532.992.99', 'Hiltonshire', '2020-01-24 00:13:09'),
(147, 'Shaina Reynolds', '+96(9)9241', 'West Kurtis', '1986-02-22 06:00:13'),
(148, 'Dr. Jay Greenfelder DDS', '491-545-97', 'Lake Lyric', '1981-06-23 06:24:31'),
(149, 'Jackie Bruen', '1-741-615-', 'Lake Gavinberg', '1988-03-23 02:37:07'),
(150, 'Elva Pfeffer', '195.194.22', 'Johnsontown', '1993-02-23 06:01:16'),
(151, 'Wilhelm Zemlak', '437.204.14', 'Rueckerfurt', '1988-09-03 13:22:34'),
(152, 'Theresa Swift', '460-611-46', 'Port Myrl', '1971-02-13 14:48:27'),
(153, 'Ms. Loma Hayes', '462-427-03', 'Cartwrightport', '2018-05-28 05:34:47'),
(154, 'Ms. Euna Von', '576.232.21', 'Martastad', '1976-10-03 05:59:09'),
(155, 'Mrs. Jailyn Koch', '0212441412', 'New Verlie', '1990-11-14 08:17:21'),
(156, 'Rosetta Hintz', '0389129631', 'Wolffside', '1978-11-14 06:39:05'),
(157, 'Zoe Parisian', '705-201-59', 'Ullrichburgh', '1989-12-26 16:20:23'),
(158, 'Dr. Ayden Yundt Jr.', '396-124-79', 'Port Lavonneburgh', '1984-12-01 18:57:27'),
(159, 'Sterling Johnson', '+72(1)9848', 'Clovisbury', '1981-08-06 03:51:09'),
(160, 'Jackeline Franecki', '855-167-69', 'New Bradfordmouth', '1978-01-31 10:03:52'),
(161, 'Ethan Von', '+66(8)2862', 'New Nakia', '2005-12-05 17:34:04'),
(162, 'Maddison Hoeger', '383-203-51', 'Welchchester', '2009-04-19 10:10:05'),
(163, 'Miss Marisol Stracke', '132-525-39', 'Buckridgeside', '1993-01-26 14:58:32'),
(164, 'Austen Mohr', '(391)928-1', 'Nataliestad', '1997-10-25 10:09:38'),
(165, 'Dr. Pamela Friesen', '(042)676-0', 'Ethelynport', '1992-08-01 23:46:57'),
(166, 'Dr. Edmund Hilll DVM', '+29(1)8650', 'Henriton', '1985-08-14 17:03:12'),
(167, 'Prof. Kayden Schmidt DVM', '0670085164', 'West Colleenport', '1990-07-10 21:20:28'),
(168, 'Helene Sauer', '1-917-280-', 'East Kiara', '1974-02-11 12:39:51'),
(169, 'Junior Dooley', '774.626.72', 'North Theresia', '1989-12-29 04:19:27'),
(170, 'Dr. Owen Lakin', '0602107746', 'Eltonbury', '2016-04-29 23:07:08'),
(171, 'Dr. Lucius Torp DVM', '276.290.85', 'Raubury', '2015-04-24 08:20:31'),
(172, 'Theo Connelly', '344.852.51', 'Patrickborough', '1991-08-29 14:31:30'),
(173, 'Mrs. Myrna Runolfsson', '533.880.01', 'North Thoratown', '1971-05-21 10:02:57'),
(174, 'Garland Stracke PhD', '(926)518-8', 'North Vincenza', '2015-05-19 02:19:56'),
(175, 'Gerhard Sipes', '369.359.15', 'Rowechester', '2015-10-29 16:09:05'),
(176, 'Deron Kessler DDS', '407-173-44', 'South Muriel', '2006-06-28 21:39:52'),
(177, 'Prof. Deven O\'Kon', '1-306-053-', 'Fayside', '2017-12-12 09:02:55'),
(178, 'Holly Greenfelder', '+34(6)4639', 'Devonfort', '2004-01-07 00:06:18'),
(179, 'Ollie Sawayn', '1-148-961-', 'New Cassandra', '1987-01-12 17:52:35'),
(180, 'Emmanuelle Kirlin', '837.577.15', 'Port Sethstad', '2019-03-31 06:53:48'),
(181, 'Kamille Renner', '(625)303-1', 'Mosciskiland', '1991-12-15 07:56:23'),
(182, 'Eliane Okuneva PhD', '1-139-629-', 'Kamrenville', '2018-02-02 17:38:31'),
(183, 'Nikita Hilll', '+39(2)8481', 'Kozeyfurt', '1975-08-25 12:53:39'),
(184, 'Prof. General Bechtelar I', '(986)740-6', 'Sanfordport', '1994-01-13 11:26:04'),
(185, 'Dr. Lupe Connelly MD', '053.435.84', 'Reingerside', '1974-12-02 18:32:44'),
(186, 'Mr. Keshaun Heller', '+77(7)2988', 'South Elinore', '1978-04-15 09:48:58'),
(187, 'Tom Bins DDS', '731.554.02', 'West Nelsonchester', '1974-07-29 15:20:10'),
(188, 'Brendan Aufderhar V', '(556)292-9', 'South Godfreyhaven', '1988-09-06 09:27:10'),
(189, 'Dr. Ellie Mosciski', '251-486-32', 'North Raphaelle', '1970-04-08 08:34:11'),
(190, 'Jewell Jacobson', '1-485-501-', 'D\'Amorehaven', '2004-10-18 18:23:51'),
(191, 'Khalid Considine V', '725-055-25', 'O\'Keefeside', '1978-01-22 21:31:06'),
(192, 'Marianna Purdy', '669-577-95', 'Goodwinstad', '1983-03-11 20:18:15'),
(193, 'Philip Hayes', '250.102.89', 'Port Justen', '1971-05-03 10:24:24'),
(194, 'Carmela Schowalter', '(967)860-2', 'New Timmy', '1979-11-28 18:14:10'),
(195, 'Tatyana Franecki', '845.182.63', 'East Audie', '1978-03-14 22:49:03'),
(196, 'Jackeline Durgan', '0105611505', 'Herzogmouth', '2003-08-05 18:01:22'),
(197, 'Liana Rath', '427.553.60', 'Casandramouth', '1989-06-29 10:15:37'),
(198, 'Cecile Satterfield', '0421573593', 'West Isabelleburgh', '1980-02-24 03:41:42'),
(199, 'Harrison Beatty', '445.484.74', 'East Milan', '2014-01-31 08:35:04'),
(200, 'Edmund Funk', '1-778-854-', 'Bayerberg', '1976-01-09 06:16:22');

-- --------------------------------------------------------

--
-- Table structure for table `author_cred`
--

CREATE TABLE `author_cred` (
  `id` int(11) NOT NULL,
  `email` varchar(255) NOT NULL,
  `passkey` varchar(255) NOT NULL,
  `active_status` enum('active','suspended') DEFAULT 'active',
  `created_at` datetime DEFAULT current_timestamp(),
  `updated_at` datetime DEFAULT NULL ON UPDATE current_timestamp()
) ENGINE=InnoDB DEFAULT CHARSET=utf8;

--
-- Dumping data for table `author_cred`
--

INSERT INTO `author_cred` (`id`, `email`, `passkey`, `active_status`, `created_at`, `updated_at`) VALUES
(1, 'sydni.reichel@example.com', 'Et sint nulla expedita quia veritatis. Optio quia iure voluptatem quae. Mollitia quam modi molestiae reiciendis.\nDeleniti possimus rerum ut minima aut. Totam omnis corporis sed eos repudiandae.', 'suspended', '1992-11-25 20:19:51', '1994-02-05 14:29:23'),
(2, 'henry04@example.org', 'Officiis deserunt qui tenetur praesentium. Dolores impedit et voluptatem consequatur ratione unde. Ut aut nihil distinctio est.', 'active', '1997-09-08 22:10:50', '1995-01-06 08:04:11'),
(3, 'vklein@example.net', 'Quae voluptates qui et vel. Debitis consequatur qui aut at magnam eos porro. Incidunt qui nam blanditiis dolores. Vitae odit vel odio magnam optio.', 'active', '1971-06-18 16:12:29', '1974-06-17 00:30:29'),
(4, 'greenfelder.tremaine@example.net', 'Accusantium blanditiis sint impedit perspiciatis tempore iste occaecati. Fuga dicta voluptatem laborum laborum. Beatae provident ut illo est. Vero perspiciatis eos voluptatem id qui sed sunt autem.', 'suspended', '2010-04-10 14:43:11', '1975-03-23 03:32:00'),
(5, 'abagail47@example.net', 'Ut sit quos corrupti dolorem repellat consequatur dolores. Minima id laborum maiores corporis. In sunt incidunt veritatis accusantium.', 'suspended', '2005-09-05 22:24:58', '2000-12-03 21:09:37'),
(6, 'yasmin.bednar@example.org', 'Iste molestiae repudiandae ipsa adipisci. Explicabo commodi consequatur aliquam consequatur corrupti. Optio suscipit dolore libero cumque accusamus est.', 'active', '1980-11-23 06:26:33', '2010-09-03 21:03:27'),
(7, 'blick.mary@example.net', 'Et in possimus placeat distinctio occaecati. Ut qui dolor deserunt explicabo alias sed. Eum reiciendis velit rerum velit dicta vel.', 'active', '2010-01-16 12:36:52', '1984-05-03 08:54:48'),
(8, 'parisian.jo@example.org', 'A vitae iste sapiente ut in quod et. Sapiente quae consequuntur illo odio dolor excepturi atque magnam. Assumenda officiis quas deleniti vitae omnis.', 'suspended', '2006-08-26 21:19:15', '2013-05-20 06:47:38'),
(9, 'monty96@example.net', 'Rem asperiores ut incidunt. Veniam dolor asperiores aut voluptatibus voluptatibus sapiente quam laborum. Iure officia possimus quisquam nemo. Tenetur blanditiis dignissimos quaerat recusandae est.', 'active', '1982-03-14 23:03:53', '2001-03-07 05:13:47'),
(10, 'giovanna90@example.com', 'Rem velit amet vel ut saepe sit nobis cum. Officiis sed nostrum tempore sapiente blanditiis et voluptas voluptas. Quo sed nobis sit magni.', 'suspended', '1970-04-01 18:56:12', '1999-11-02 06:18:44'),
(11, 'ariane66@example.com', 'Non ea corrupti libero accusamus. Dicta autem nesciunt labore doloremque eum. Illo ipsa qui cupiditate hic quam.', 'active', '2000-10-02 01:35:38', '2005-03-06 13:11:37'),
(12, 'bradtke.joana@example.org', 'Qui et voluptas repellendus sequi in reprehenderit. Iste dolores rerum reiciendis quod. Distinctio minima quia aut esse.', 'suspended', '1987-08-29 06:28:03', '1972-12-29 01:29:29'),
(13, 'cmurphy@example.net', 'Sapiente quo repellendus maxime aut cum dolores. Esse corrupti itaque totam eos. Debitis velit aliquam deleniti aperiam eum. Quis sed quibusdam ab. Dolor at cum dolores velit esse quam porro.', 'suspended', '1979-09-04 08:53:14', '2021-12-16 08:53:25'),
(14, 'frida.watsica@example.net', 'Ad nihil iure quaerat non voluptas neque alias rem. Ex est eum et magni unde voluptatum. Ea consequatur placeat sit cupiditate ut dignissimos ut.', 'suspended', '1971-09-06 14:20:17', '1995-01-13 14:53:56'),
(15, 'blanda.denis@example.net', 'Dolorem blanditiis qui sed earum et in et impedit. In totam nobis qui necessitatibus ea aut corporis. Iusto eveniet voluptas molestiae sit mollitia. Aliquam sunt sit aut suscipit aliquam hic.', 'suspended', '1998-09-15 17:17:11', '2020-03-14 21:00:22'),
(16, 'ahuel@example.net', 'Nostrum dolore saepe exercitationem quia similique et. Quisquam voluptatem quod repudiandae ut autem quibusdam et. Deserunt vero eos distinctio modi.', 'active', '2005-02-06 21:36:51', '2008-01-14 14:39:29'),
(17, 'geovanni50@example.net', 'Voluptate molestiae nostrum quia qui. Et magnam autem nesciunt molestiae. Architecto adipisci officiis ipsa eum harum iure dolores.', 'active', '1978-03-04 05:30:43', '1993-12-03 06:44:12'),
(18, 'walter.lucie@example.com', 'Et ea eligendi rem excepturi. Veritatis labore reiciendis id dolores eveniet vel. Voluptates vero voluptatem minus.', 'suspended', '2003-11-14 18:07:10', '2017-10-11 23:18:50'),
(19, 'lehner.hortense@example.org', 'Aut eos odio velit voluptatem ut ipsum. Odio ullam velit alias laboriosam nesciunt tempore. Placeat iste accusamus quibusdam debitis. Quo quos mollitia maxime dolorum voluptatem porro quam.', 'suspended', '2000-08-30 20:07:46', '1997-08-17 23:34:53'),
(20, 'fritsch.lawson@example.org', 'Modi rerum animi vel eum. Tenetur distinctio sequi aut. Iure ut earum pariatur. Qui suscipit aspernatur voluptas.', 'suspended', '2022-07-04 08:40:37', '1996-06-24 15:15:08'),
(21, 'barton.madalyn@example.com', 'Dolore ex voluptatem est alias aspernatur delectus at necessitatibus. Inventore aut dolorum officiis. Est quia repellat sunt ut esse dignissimos impedit.', 'suspended', '2011-10-09 07:57:42', '2001-11-19 14:05:22'),
(22, 'yconsidine@example.net', 'Culpa magnam accusamus labore rerum. Voluptas corporis iure non atque. Quos quibusdam id et quos veniam architecto dolorum.', 'suspended', '1997-02-09 06:11:17', '1972-01-17 20:48:22'),
(23, 'zlynch@example.com', 'Sequi numquam nihil neque sit occaecati sit. Inventore voluptas neque sunt veritatis eaque cumque. Provident non et mollitia vitae. Corrupti deleniti distinctio ut minus quia.', 'suspended', '2009-07-03 11:35:45', '1998-07-17 12:57:04'),
(24, 'dlueilwitz@example.com', 'Similique nulla enim eos sed maiores sapiente. Temporibus tempore voluptas cum natus enim ex eum. Possimus quasi deserunt et ea qui est quos.', 'suspended', '2007-08-09 00:36:51', '1985-05-14 01:27:37'),
(25, 'barton.von@example.net', 'Magnam repellat minus sint molestiae dolorem mollitia. Quo quo est amet iusto nesciunt. Amet et ut nemo qui et architecto eius. Illum eum ipsum ut quisquam ad.', 'suspended', '1973-11-30 16:48:02', '1993-04-27 14:50:36'),
(26, 'marielle.homenick@example.org', 'Nemo ratione pariatur omnis qui aliquam excepturi laudantium. Expedita perspiciatis labore porro atque. Neque dolor est et. Dicta architecto consectetur dolor id ducimus.', 'suspended', '1996-11-21 13:51:31', '2017-03-10 14:19:16'),
(27, 'ibreitenberg@example.org', 'Illum doloribus eos incidunt ratione doloribus sit aliquid. Quis qui tenetur explicabo. Officia ea culpa quam commodi et distinctio sit.', 'active', '1975-09-25 14:33:26', '1986-08-29 17:10:19'),
(28, 'eferry@example.com', 'Sed sed soluta modi error aut et perferendis. Ad ut vel laboriosam provident odio. Occaecati sit tempore et facilis rerum tempore. Aut architecto et in corrupti est tenetur.', 'active', '1995-11-30 19:22:56', '2009-08-08 09:22:59'),
(29, 'mmckenzie@example.com', 'Est amet rerum totam sequi. Voluptatem quis nulla consequatur ipsa dignissimos non porro. Ipsam tempore dolores recusandae nemo accusantium iste neque. Quos minus laborum blanditiis illum iste.', 'active', '1986-11-25 21:38:48', '2016-03-01 02:51:19'),
(30, 'charber@example.com', 'Maiores nostrum voluptas assumenda qui. Cupiditate velit aut qui vel iste sequi. Maiores error quos quod numquam qui.', 'active', '2011-10-10 10:31:01', '1998-06-10 13:00:26'),
(31, 'edickens@example.org', 'Nulla est possimus sint veritatis qui possimus sit. Quia suscipit aperiam consequatur est ut quam voluptatem quam. Voluptate harum sunt corporis nihil quis magnam. Sed non fugit fuga cum.', 'active', '1981-11-22 03:41:11', '1984-10-09 11:33:35'),
(32, 'brady.williamson@example.com', 'Soluta in doloribus rerum ut. Qui sit qui sed id est alias.', 'suspended', '1981-07-01 07:33:05', '2021-01-15 20:05:06'),
(33, 'rolando.ruecker@example.com', 'Illum illo omnis ipsam et maiores. Consequatur nulla omnis consequuntur voluptas exercitationem non ipsum. Consectetur quia aperiam pariatur. Autem quo voluptatem rerum.', 'active', '1971-05-07 03:42:58', '1978-12-08 03:06:16'),
(34, 'valerie.friesen@example.net', 'Accusamus ducimus facilis optio ducimus harum molestiae facere saepe. Nam id est perferendis mollitia.', 'suspended', '2008-02-29 09:05:10', '1980-10-18 16:05:28'),
(35, 'ron81@example.org', 'Et non omnis sit maxime. Mollitia totam rem aperiam esse impedit beatae aut. Optio id recusandae aliquam id.', 'active', '2014-09-09 06:48:37', '2004-04-11 19:45:57'),
(36, 'dach.mustafa@example.com', 'Magni blanditiis et enim. Accusantium fuga error totam deleniti sit rerum pariatur. Officia sint rem enim placeat rerum. In maiores deleniti et voluptatem repellendus inventore praesentium.', 'active', '1993-06-18 03:37:19', '2007-02-09 01:35:08'),
(37, 'brain.schaden@example.net', 'Error dolorem voluptatem quisquam nulla rem. Et esse qui debitis iste tempora vitae. Sit ut sit quas aliquam id non esse.', 'suspended', '1974-08-07 08:04:21', '1979-07-12 05:26:28'),
(38, 'kristopher25@example.com', 'Iure culpa similique velit quo vero excepturi sit. Vero animi nihil sit vero necessitatibus possimus porro nemo.', 'suspended', '2016-07-25 03:25:47', '2019-08-18 17:20:07'),
(39, 'boyle.gregorio@example.com', 'Atque corporis enim qui corrupti odio. Eum est cum blanditiis totam. Quod atque aut qui.', 'suspended', '1991-11-10 21:13:21', '1973-12-06 17:04:23'),
(40, 'lacey.gaylord@example.com', 'Hic eaque quia ea voluptatem accusamus tenetur. Autem culpa sit repudiandae. Numquam fugiat doloremque expedita optio qui consequatur quidem.', 'active', '1999-02-03 20:01:00', '2004-08-14 05:37:00'),
(41, 'jferry@example.com', 'Dolore sunt provident officia perspiciatis. Exercitationem illum dolores aperiam corrupti repellat sed. Est rem corporis ipsam cupiditate similique.', 'active', '2019-01-31 17:13:30', '1987-10-13 05:00:49'),
(42, 'mstanton@example.com', 'Tenetur error repellendus animi quia minus. Quis in quia porro commodi quas facere ut. Distinctio vel et vel tenetur.', 'suspended', '1979-04-23 06:24:31', '2013-06-04 19:54:59'),
(43, 'janice.gulgowski@example.com', 'Temporibus earum deserunt veritatis quia enim commodi. Eum voluptatem praesentium quibusdam molestias ab. In ab eius beatae nihil.', 'suspended', '2012-08-02 12:54:17', '2011-08-30 08:24:17'),
(44, 'wdavis@example.com', 'Sit repellendus ea qui. Aut voluptates temporibus dolore et qui. Voluptates assumenda rerum omnis aliquid.\nEt et voluptatibus rem quisquam ex quasi quisquam aliquam. Consequatur at sit perspiciatis.', 'active', '2008-11-26 17:40:39', '1980-05-01 21:48:35'),
(45, 'jast.shad@example.net', 'Quos voluptatem corporis pariatur impedit eum tempora quae. Pariatur non mollitia occaecati iste. Velit voluptas enim voluptates sint odio ab nihil. Numquam quos dignissimos illum voluptas atque.', 'suspended', '1985-08-21 00:12:55', '2015-01-21 16:38:20'),
(46, 'larue.sanford@example.com', 'Aliquam ea natus tempora quasi qui dicta ab. Reiciendis eos qui soluta impedit possimus.', 'active', '1985-09-02 07:21:53', '1976-11-30 07:05:09'),
(47, 'dallin.hills@example.net', 'Laudantium perferendis fugiat molestias et magni eum. Eum omnis quia nemo enim ut assumenda placeat aut.', 'active', '1987-02-14 22:43:48', '1977-01-01 18:30:02'),
(48, 'mschimmel@example.net', 'Qui quia placeat et explicabo quae. Tenetur odio vel corrupti eum quis earum. Eum voluptatem qui dolorem assumenda modi asperiores.', 'active', '1990-07-05 01:50:25', '2015-12-29 15:52:53'),
(49, 'upton.cory@example.com', 'Corporis dolor est odio sunt. Doloremque modi ullam blanditiis odit porro. Est possimus voluptatem sint quis sapiente. Velit voluptatem fugit temporibus.', 'suspended', '2007-09-25 07:47:36', '1998-08-21 04:14:22'),
(50, 'gwunsch@example.net', 'Dignissimos ea velit aspernatur totam animi possimus. Alias est minus ipsum nemo omnis. Vel quam aut harum sit. Officia delectus error libero quasi nobis aliquid repellendus.', 'suspended', '1979-01-07 09:14:50', '1985-09-17 21:13:44'),
(51, 'gcruickshank@example.net', 'Nam corporis aut suscipit ducimus aliquid sunt minima maxime. Id velit itaque et nemo dolores voluptas. Accusantium et minus iste. Est voluptatem aliquid voluptatem.', 'active', '1978-10-27 14:15:45', '1987-07-23 23:53:21'),
(52, 'kuhic.geraldine@example.net', 'Aliquid numquam reprehenderit eos non et rerum. Quo sapiente tenetur dolorum temporibus. Saepe ut earum maxime omnis.', 'active', '2021-11-07 02:44:20', '1991-05-28 05:23:35'),
(53, 'jenkins.haley@example.org', 'Cum vel et qui quia voluptatem aut. Aut est incidunt laboriosam necessitatibus voluptatum aliquid. Magnam consequatur placeat ipsa voluptates et.', 'suspended', '1983-02-23 12:11:08', '2012-06-11 21:03:51'),
(54, 'reinger.brian@example.org', 'Voluptatem ipsa repudiandae in deserunt. Autem sit consequatur praesentium mollitia rerum omnis ut. Occaecati earum sed qui laudantium id ipsa.', 'suspended', '1994-10-24 17:43:29', '2009-09-03 18:12:53'),
(55, 'precious.gorczany@example.com', 'Neque sunt ut id. Porro eos modi quaerat rerum non ut provident. Et sunt ut in distinctio. Vero quis explicabo ab voluptate provident sed nemo quia.', 'suspended', '2020-05-03 01:35:46', '1978-08-05 10:58:35'),
(56, 'grover.ziemann@example.org', 'Minima facere aut quas iure molestiae. Consectetur voluptas libero tempora quia. Ratione beatae magnam quo voluptates laborum. Ut et velit sed expedita nulla magni ipsum et.', 'suspended', '2006-08-30 08:36:14', '1985-11-14 09:42:45'),
(57, 'dibbert.ardella@example.org', 'Incidunt rem repellendus recusandae assumenda. Occaecati laboriosam distinctio ratione est. Assumenda perferendis sequi beatae aut.', 'active', '2004-09-17 21:17:33', '2022-04-14 07:43:32'),
(58, 'dexter87@example.org', 'Voluptas vel incidunt ex. Sint eum sint fugit pariatur et tempore eos.\nMolestiae libero rerum qui iusto ut atque laudantium. Placeat dolore eius labore libero velit quidem veniam doloribus.', 'suspended', '1976-08-28 13:21:15', '2010-09-30 15:59:14'),
(59, 'xcruickshank@example.com', 'Aspernatur voluptatem consectetur error velit minima. Ipsum molestias et aut est inventore et. Voluptas fugiat officia asperiores dolorum molestias amet quod. Dignissimos inventore rem eos est.', 'active', '1982-03-03 06:12:15', '1989-01-05 00:21:38'),
(60, 'sschmitt@example.net', 'Autem tempore impedit consequatur id incidunt nemo id sit. Voluptate in omnis dolor tenetur iure vero ut fugiat. Assumenda at provident aspernatur quam. Et eum repellat exercitationem quae voluptate.', 'active', '1996-12-07 12:15:45', '1971-07-28 09:41:55'),
(61, 'ohane@example.org', 'Nisi laboriosam aliquid voluptatem qui. Vel quia cum ducimus veniam voluptas. Laboriosam ullam et voluptatibus pariatur. Quia est porro a odio dolorem vero culpa.', 'active', '1990-04-10 02:16:14', '1975-11-20 11:07:47'),
(62, 'albert66@example.net', 'Accusantium ut repellendus aut voluptatum architecto ut. Expedita possimus praesentium qui sequi mollitia vel. Enim officia nihil voluptatibus reprehenderit quidem.', 'suspended', '1999-04-27 16:40:37', '1984-11-20 20:09:15'),
(63, 'eladio29@example.com', 'Ea quis qui eum blanditiis ut. Aut sequi est tempora quo. Blanditiis quo nihil qui eveniet.', 'active', '1996-05-15 12:12:45', '2010-07-23 05:17:01'),
(64, 'mmccullough@example.com', 'Aspernatur nihil cum qui nostrum et reprehenderit. Nobis sunt sed est odit voluptatem minus. In quis qui sed laudantium atque eius culpa.', 'suspended', '2017-11-26 21:59:29', '2005-06-22 12:32:52'),
(65, 'hanna58@example.org', 'Rerum suscipit non quia ipsam pariatur et. Qui qui et eum est nostrum facilis quis. Illum optio aut non temporibus enim.', 'active', '2011-03-13 18:52:46', '1996-07-13 22:15:37'),
(66, 'howard.okuneva@example.org', 'Accusamus praesentium sint totam commodi rem animi. Dolorem officiis qui nihil distinctio architecto suscipit. Debitis nulla cum repudiandae et voluptatibus incidunt dolor.', 'active', '1992-05-05 11:45:57', '1984-05-14 21:16:44'),
(67, 'cartwright.rod@example.org', 'Non et et aut sint iure eum modi dolorum. Accusantium sed sint repellat corporis. Consequatur eos veritatis voluptatibus alias.', 'active', '1997-11-26 08:06:13', '1978-01-23 15:27:02'),
(68, 'luther.dooley@example.org', 'Consectetur ut et quisquam omnis enim sint. Soluta in sit eum corporis sequi. Corrupti eaque enim sed dolores porro magni velit.', 'suspended', '2011-10-13 13:47:42', '1984-02-02 18:18:53'),
(69, 'connelly.tamia@example.org', 'Sunt rerum et tempora sed in ducimus ut. Est dolorem ad sed voluptas.', 'suspended', '1998-12-18 07:20:46', '2006-09-29 22:56:26'),
(70, 'padberg.dahlia@example.net', 'Molestias molestiae expedita iusto. Vero expedita rem rerum molestiae suscipit dolorum ut. Et aut ut et optio nihil aspernatur quaerat sit. Non excepturi in ducimus quis esse.', 'suspended', '1972-06-02 23:40:34', '1986-05-15 14:02:24'),
(71, 'rwalker@example.net', 'Architecto corporis ex a ipsa. Exercitationem nostrum corrupti quo expedita aperiam. Consequuntur consectetur explicabo eius exercitationem. Error asperiores qui beatae ea accusamus.', 'active', '2005-05-07 01:57:45', '1982-10-06 12:47:33'),
(72, 'iwest@example.com', 'Quam occaecati suscipit eius quasi. Velit consectetur rerum quisquam quia aut voluptatem eius. Atque reprehenderit ut quod modi optio aut suscipit.', 'active', '1991-01-31 02:20:10', '2012-08-21 21:17:17'),
(73, 'reichert.daryl@example.com', 'Aut reiciendis nemo distinctio. Voluptatem atque nihil odio commodi ut. Dolorem sit soluta officia.', 'active', '1996-02-29 20:39:45', '1999-12-13 11:09:27'),
(74, 'keon93@example.com', 'Ut natus eius velit quas. Natus harum ipsam voluptatem nam iure. Iure sunt aut cupiditate accusamus. Ab error quia veniam et.', 'suspended', '1974-03-03 12:18:31', '2014-08-08 20:31:46'),
(75, 'bmurazik@example.net', 'Possimus assumenda aliquam unde quas ad temporibus et. Repellendus sed dolorem eligendi cum. Quos iure et dicta expedita similique vel adipisci. Nihil laudantium doloribus excepturi similique.', 'active', '1998-02-07 14:25:22', '1998-08-31 18:45:57'),
(76, 'tracy03@example.org', 'Perferendis dolore dolorem magnam nam. Accusamus optio voluptas temporibus excepturi repellendus. Consequatur laboriosam fugit autem consequuntur id.', 'active', '1996-04-05 13:02:52', '1974-04-18 18:42:33'),
(77, 'gwiegand@example.net', 'Rem architecto ipsam et alias doloribus. Quod quisquam et nisi in exercitationem est. Dolor doloribus et saepe et similique qui non. Optio rerum dolor perferendis eius et.', 'suspended', '1987-08-23 16:40:12', '1983-05-25 12:55:07'),
(78, 'heber36@example.com', 'Quia provident dolorem optio odit. Rerum quia enim dolorem et.', 'active', '2003-12-30 05:58:49', '2001-12-30 09:41:30'),
(79, 'roob.dominic@example.org', 'Officiis magnam repellat optio debitis eos id dolore. Tenetur architecto autem atque maiores ut sint inventore. Molestias facilis corporis et ipsam ab ut omnis.', 'active', '2018-04-14 09:46:58', '1971-07-17 06:09:59'),
(80, 'dpredovic@example.com', 'Omnis laudantium sunt quibusdam corrupti. Laudantium saepe ullam dolores totam. Mollitia voluptatum omnis aspernatur autem amet.', 'suspended', '1977-09-26 20:14:46', '1994-06-10 08:32:16'),
(81, 'orlando36@example.com', 'Fugiat repellendus iste natus illo. Voluptatum quia officiis autem dolor non quasi. Itaque et consequatur cumque. Ratione hic magnam libero facilis.', 'active', '1981-08-10 01:45:44', '2020-03-24 09:45:49'),
(82, 'susan.bosco@example.net', 'Ut aut placeat laborum consequatur est a a. Laboriosam recusandae dolor labore rerum dolores voluptas.', 'active', '2012-04-25 16:26:05', '1999-01-19 12:06:50'),
(83, 'rjohns@example.org', 'Possimus similique aut recusandae. Aliquam rerum voluptatem vero. Pariatur eligendi est ut expedita molestiae iure.', 'suspended', '1971-05-30 12:36:10', '1994-09-06 23:04:11'),
(84, 'monahan.celestino@example.com', 'Deleniti eligendi fuga consequuntur fuga eveniet. Necessitatibus velit accusamus ex delectus dolorum ab. Dolores corporis fuga ut nobis. Sunt quidem est provident ut qui.', 'active', '1975-03-08 17:45:26', '1990-10-27 15:18:11'),
(85, 'hipolito75@example.com', 'Asperiores voluptates qui velit quibusdam sed hic. Occaecati dolores quaerat in. Eveniet ut autem molestiae non error aut. Ut saepe rem itaque rerum iste cum quisquam.', 'suspended', '1980-07-13 07:04:19', '2008-10-11 11:44:28'),
(86, 'edgar.larson@example.net', 'Ipsam dignissimos qui aut necessitatibus nemo. Et quod et expedita aut qui. Eligendi vel numquam odit placeat.', 'active', '1989-04-30 11:55:48', '2008-03-18 09:39:25'),
(87, 'dayna.stanton@example.org', 'Voluptatem odio id corporis. Quis itaque atque soluta non laborum. Quia et necessitatibus ullam ut.', 'active', '2012-08-30 07:16:46', '2009-12-15 11:15:06'),
(88, 'lemard@example.org', 'Rerum dignissimos consequatur delectus quae assumenda illo. Fugit cupiditate aut et id perspiciatis voluptatem. Velit quos vel esse eos. Rerum necessitatibus ut aperiam ut voluptate et labore.', 'suspended', '1975-12-10 18:16:52', '2021-07-31 22:33:03'),
(89, 'tcummerata@example.net', 'Consectetur modi accusantium in est sint. Ut natus dicta quis omnis voluptatem. Quia eum cumque dolorem quidem sint sequi harum.', 'suspended', '1987-09-04 05:38:08', '2001-11-11 23:59:42'),
(90, 'julia07@example.org', 'Et iusto et reprehenderit eos repellat. Expedita facilis molestiae eius est assumenda praesentium. Rem provident laudantium minima numquam ea quod.', 'active', '2008-02-18 19:41:13', '1984-11-16 18:25:56'),
(91, 'brook.jones@example.org', 'Est non doloremque nisi molestiae. Sunt qui a quo voluptates provident iure veritatis omnis. Ea repellat non architecto quasi nihil voluptatibus.', 'suspended', '2002-09-16 14:50:40', '1974-05-15 15:42:12'),
(92, 'ykreiger@example.net', 'Repudiandae ullam minima sed quam. Sed necessitatibus sed dolore accusantium. Temporibus dolorem facere nobis mollitia reprehenderit.', 'suspended', '1972-07-30 09:42:29', '2008-04-10 12:26:25'),
(93, 'ole78@example.net', 'Aspernatur nihil atque odio et commodi aliquid quidem. Totam enim nulla dolorem a quisquam labore eveniet. Quia ut impedit ab temporibus ea rerum nostrum eum.', 'active', '1973-06-02 13:39:28', '2020-03-09 06:19:21'),
(94, 'una79@example.com', 'Aut omnis beatae libero aut et at eveniet. Ut praesentium laboriosam et minus et sit quibusdam.', 'active', '1970-04-05 05:59:24', '2006-01-11 11:08:54'),
(95, 'billy75@example.com', 'Et recusandae amet corporis iure nesciunt vitae illo adipisci. Sit aperiam qui consequatur deserunt at et. Sequi deleniti quas ipsa perferendis quia.', 'active', '2018-06-23 17:34:01', '2001-04-11 16:27:16'),
(96, 'tyshawn.kassulke@example.com', 'Ut tempore id quis numquam. Fuga nobis adipisci quo consequatur nisi doloribus ut. Praesentium officiis facilis vitae ratione. Laudantium quia praesentium est officiis.', 'suspended', '2008-04-04 03:56:33', '2007-01-11 23:03:32'),
(97, 'mayert.braden@example.com', 'Architecto sint molestiae illo et. Repellendus totam eaque pariatur est voluptates minus consequatur. Atque ut recusandae ut porro officia natus nostrum.', 'active', '1992-10-17 04:53:35', '2011-03-04 07:43:28'),
(98, 'tkuvalis@example.com', 'Architecto et quod aut aut. Perspiciatis vel nihil est molestias doloremque qui ad. Laboriosam veritatis sit sint debitis occaecati. Sunt quisquam aut sit.', 'active', '1985-01-05 02:29:36', '1992-11-04 07:07:34'),
(99, 'akohler@example.org', 'Odio aut asperiores quis nesciunt deleniti quidem quasi. Dolorum repudiandae placeat commodi rerum non id laboriosam.', 'suspended', '1990-10-21 08:39:52', '2000-07-03 13:43:40'),
(100, 'cassin.payton@example.com', 'Quia perferendis cupiditate voluptas magnam. Magnam aut eaque dolorem consequuntur. Fugiat enim nisi enim. Atque accusamus autem fugit accusantium quo.', 'suspended', '2007-02-24 15:00:37', '1996-07-16 06:59:40');

-- --------------------------------------------------------

--
-- Table structure for table `author_details`
--

CREATE TABLE `author_details` (
  `author_id` int(11) DEFAULT NULL,
  `a_name` varchar(255) DEFAULT NULL,
  `contact` varchar(10) DEFAULT NULL,
  `bio` varchar(255) DEFAULT NULL
) ENGINE=InnoDB DEFAULT CHARSET=utf8;

--
-- Dumping data for table `author_details`
--

INSERT INTO `author_details` (`author_id`, `a_name`, `contact`, `bio`) VALUES
(1, 'Wilburn Nolan II', '0289834964', 'Quis eum omnis consectetur incidunt. Iste est cumque corporis qui eaque. Quis est nihil laudantium ipsum aspernatur.'),
(2, 'Pearl Glover', '092.110.84', 'Et est consequatur aliquid molestias et eum. Omnis sunt sed nobis. Commodi eum et quaerat ea.'),
(3, 'Dr. Theo O\'Connell Sr.', '+21(1)0152', 'Inventore nihil sint fugiat ut et magnam libero. Non hic consequatur ut eos aspernatur modi corporis. Esse delectus blanditiis accusamus et impedit iure.'),
(4, 'Sydnee Schoen', '984.124.11', 'Magni quasi tenetur odio exercitationem voluptatem qui maiores. Adipisci veniam tenetur ut voluptas quasi quia. Quidem sit maxime quis et ut quo. Voluptatem quam reiciendis molestias harum quod.'),
(5, 'Lia Eichmann Jr.', '146.417.08', 'Perspiciatis quaerat error quam officiis delectus est neque praesentium. Ipsam maxime aut recusandae sapiente sit. Inventore impedit est corrupti sed officiis voluptas.'),
(6, 'Ms. Danika Mueller V', '666-047-23', 'Laborum recusandae recusandae qui corporis impedit vel. Asperiores fuga sit impedit.'),
(7, 'John Leannon', '699-028-64', 'Voluptatum quis sint harum. Nisi numquam at sit.\nQuasi ut dolor illum quia sit ut consequatur. Amet debitis debitis fuga repudiandae est. Nemo et ut blanditiis temporibus ipsa est minus.'),
(8, 'Lyda Hane', '407-492-50', 'Qui velit nulla consectetur ipsa velit sequi voluptates. Qui aut laborum dolores quia. Laudantium voluptas harum qui architecto dolor delectus a saepe.'),
(9, 'Mrs. Thelma Ratke I', '(203)847-9', 'Dolor quas excepturi dolore dolorem enim officiis inventore doloribus. Excepturi ut qui assumenda et nobis amet consequatur. Ut eaque nemo doloribus ut consequatur eaque accusantium consectetur.'),
(10, 'Prof. Rosalia Cummerata', '(059)475-9', 'Distinctio amet officia numquam dignissimos laboriosam suscipit. Tenetur veniam quasi omnis sint. Magnam error officia eius voluptate illum voluptas quia nisi.'),
(11, 'Nikko Mitchell PhD', '(990)720-2', 'Sit quia sit est. Fugit in molestiae ipsa aut perferendis laborum. Commodi fuga sint in aperiam earum veritatis rem. Natus architecto tenetur illum explicabo odit non.'),
(12, 'Desiree Emmerich', '891.175.16', 'Vero culpa possimus quis ab molestiae sint. Perspiciatis voluptatem cum quae expedita nihil vel. Sint fugit corporis sequi.'),
(13, 'Seth Stroman', '1-764-781-', 'Eos magni eum fugit ut. Eius necessitatibus laudantium rerum aut unde. Dolores non iusto nihil sit debitis reiciendis.'),
(14, 'Belle Vandervort', '(200)697-0', 'Minima occaecati nihil quia autem. Adipisci sequi modi qui at.\nSit et quos eos sit odit consequatur. Unde recusandae blanditiis voluptate voluptas quas officia.'),
(15, 'Prof. Angelita Willms', '004-853-91', 'At rerum est quaerat. Fugit et magni non sit non beatae ea. Rerum facilis voluptatem molestias at et alias ad. A architecto perspiciatis voluptatum quisquam saepe velit.'),
(16, 'Lavon Hackett', '1-397-230-', 'Repellendus magni nisi iste. Voluptate omnis saepe accusamus eum ut pariatur. Temporibus et qui et id saepe consectetur maiores.'),
(17, 'Magnolia Donnelly', '1-814-015-', 'Quas quia et libero dolorem ut omnis. Tempora qui eum quis soluta. Qui eum rerum animi aut culpa porro dolorum.'),
(18, 'Mr. Don Nienow DDS', '1-118-296-', 'Sed rem qui expedita. Porro eius at asperiores. Velit numquam consequatur suscipit corrupti.'),
(19, 'Dr. Buck Beahan IV', '807.035.12', 'Unde quo in sed rem iste. Cum ex et veniam non deserunt autem et. Iure molestiae exercitationem perspiciatis quasi aut dolores. Rerum nihil enim vel libero itaque iste debitis.'),
(20, 'Claudia Ullrich I', '1-001-786-', 'Voluptatum blanditiis nisi provident reiciendis. Dolorem voluptatem atque perferendis exercitationem laborum id neque. Cupiditate qui non consequatur.'),
(21, 'Belle Treutel Jr.', '(618)078-3', 'Dolorem autem ipsa ipsa omnis qui. Quidem praesentium quia consequatur distinctio illo.'),
(22, 'Mr. Adriel Jast III', '(027)357-0', 'Est natus vel ut alias necessitatibus voluptatum. Dolorum soluta dicta iste aut perspiciatis. Et eveniet sint est ut et laborum laudantium.'),
(23, 'Curt Harber V', '584-504-94', 'Qui ad quia quaerat suscipit temporibus. Quos rem voluptas natus quo. Fugit architecto necessitatibus ea. Est non voluptatum ut aut sunt.'),
(24, 'Rollin Sanford', '307-408-75', 'Quam qui dolor ullam aliquid non modi aut. Id vel repellendus explicabo eum vero mollitia ipsum. Sapiente vero molestiae sit dolorem qui.'),
(25, 'Mr. Frank Schamberger', '+98(1)0857', 'Eum id cum et. Sint animi labore et velit. Voluptatem rem qui maxime magnam quia aliquid ut. Recusandae omnis reiciendis odio adipisci tempora. Debitis sint odit dignissimos.'),
(26, 'Freda Greenholt', '032.441.17', 'Ratione architecto cupiditate fuga commodi ea possimus. Unde sit nobis accusantium. Voluptatem vel necessitatibus dolores quas exercitationem veniam.'),
(27, 'Arturo Hermiston', '(818)409-1', 'Autem at ut excepturi numquam atque aut. Modi et qui consequatur porro voluptas. Sed qui id magnam quia sequi eveniet qui.'),
(28, 'Mr. Larry Rice Jr.', '(940)652-7', 'Deserunt dignissimos architecto vel inventore distinctio aut error. Ut aperiam et distinctio ipsam autem. Non rerum illum adipisci non ducimus. Similique quisquam vel asperiores et.'),
(29, 'Elody Langworth', '(575)327-7', 'Autem dolorem et enim adipisci commodi. Ipsa molestias quia officiis ut earum illum perferendis. Veritatis veritatis ex sunt ab aut.'),
(30, 'Ruben Ortiz', '1-095-118-', 'Quam assumenda explicabo fugiat cumque. Optio facere aut ab voluptatum quo optio sequi. Non possimus qui sed vero. Velit non quia quisquam voluptatem ipsa illum. Dolores magni dolorem id laudantium.'),
(31, 'Hertha Stroman', '912-024-45', 'Cumque mollitia et blanditiis laudantium. Optio ipsam quia consequatur impedit. Voluptatem enim dolorem quia neque atque.'),
(32, 'Joshuah Wolff', '362-831-72', 'Sit nemo quas consequatur optio consequatur velit eius. Id reprehenderit odit ducimus necessitatibus. Est aut vel magni dolores.'),
(33, 'Hipolito Bins', '339-645-03', 'Sint et asperiores consequatur ut et est. Sit porro necessitatibus id omnis ea repellat.'),
(34, 'Casper Klocko', '335.228.55', 'Laborum aut ipsum accusantium. Unde ea alias voluptatem occaecati quas. Vel dolore ducimus earum ratione illo. Perspiciatis corporis deserunt cum incidunt nemo.'),
(35, 'Joana Shanahan', '493.345.05', 'Dolorem vitae assumenda totam. Laboriosam unde voluptates illo a nobis et assumenda. Aspernatur mollitia molestiae provident aliquam et laboriosam a.'),
(36, 'Anjali Thiel', '731-093-41', 'Est tempore corporis officia ut vel atque non. Mollitia sed ipsa quaerat facere. Totam possimus officia eveniet delectus. Accusamus est fuga et ut velit fuga accusantium.'),
(37, 'Toni O\'Hara', '(712)231-5', 'Voluptas tempora repellat et culpa dicta ipsa nesciunt. Sint similique ab sit quas. Quo eveniet laboriosam in consequatur. In facere eum nulla consequatur minima deleniti.'),
(38, 'Amira White', '1-775-750-', 'Qui consequatur et est labore perspiciatis consectetur et. Non id ab ut neque. Reprehenderit aut officiis repellat illo et nisi ex.'),
(39, 'Nina Kuhic', '(397)377-8', 'Sit et aut aut et. Qui sed magnam incidunt id voluptatem corrupti repudiandae. Dolor est et repellendus provident. Laborum quo natus vel molestias at consequatur. Vel quidem in iste in.'),
(40, 'Prof. Nasir Wiegand', '(974)627-8', 'Quisquam magni harum voluptatem aperiam fugit. Et rerum voluptatum dolorum ut. Voluptas dolorum est occaecati soluta. Magni repellat est deleniti occaecati.'),
(41, 'Arielle Russel', '+80(1)2301', 'Accusamus aut neque aut sunt molestiae quia. Reiciendis et sint quis eos dolore. Vitae et et non possimus esse sint. Quas et nulla voluptas qui reprehenderit maiores eius aut.'),
(42, 'Demario Bruen', '605-317-99', 'Placeat ducimus quidem quis. Sint totam maiores et fugit. Sed voluptatem praesentium quia dolorum molestias.'),
(43, 'Cleora Waters', '+07(9)0293', 'Vel nostrum vero illo deleniti saepe accusantium. Recusandae temporibus veritatis odio aut autem enim. Facilis saepe qui ratione consequatur voluptatum voluptatum.'),
(44, 'Prof. Lonny Pfeffer V', '939-163-31', 'Et expedita ex libero. Amet dicta id autem voluptatem et omnis. Esse distinctio suscipit et doloribus asperiores tenetur.'),
(45, 'Misael Stark', '(090)520-2', 'Eum optio aliquam mollitia maxime ullam nihil. Et illum sint adipisci. Perferendis asperiores voluptas facere sed cumque. Distinctio ut esse impedit.'),
(46, 'Hugh Wisozk', '+88(5)6913', 'Voluptatem iusto doloribus minima repudiandae ea officiis soluta. Expedita aperiam debitis ut sed et error deserunt. Vel id nobis autem voluptate velit. Iste dolores aut maxime.'),
(47, 'Alphonso Waelchi', '1-014-545-', 'Voluptatem recusandae vel qui est provident. Itaque assumenda sit doloribus non consequatur qui. Odit sint fuga fugit ea ipsa qui beatae. Adipisci ab voluptates voluptatem ut.'),
(48, 'Viviane Dietrich', '833.624.73', 'Quaerat ea aperiam nostrum. Ex porro est velit quo. Harum corporis voluptas qui assumenda.'),
(49, 'Dario Jacobson PhD', '315.980.02', 'Enim quo qui libero odit. Molestiae perspiciatis maxime voluptatibus. Cum fugiat accusantium id nisi voluptas. Voluptates sunt vero laborum voluptate quia sed.'),
(50, 'Beatrice O\'Keefe V', '368-751-97', 'Molestiae aut sunt omnis. Porro omnis quia aut omnis atque vel. Hic perspiciatis consectetur nihil.'),
(51, 'Frederik O\'Hara', '538.075.31', 'Unde natus eveniet ut et et. Voluptas est beatae et omnis molestiae. Delectus rerum consequatur velit quia.'),
(52, 'Monty Hilpert', '749.903.84', 'Ratione nesciunt quam consequatur ipsa. Sunt id debitis repudiandae et sapiente soluta.\nProvident dolorem et molestiae ut eius provident. Omnis eum ex nam repellat culpa.'),
(53, 'Mateo Yost', '590.609.60', 'Provident voluptatibus voluptatem incidunt laudantium aut. Consequatur facilis quos provident. Et voluptas in consequatur veritatis molestiae quia.'),
(54, 'Lauriane Adams', '0447239106', 'Eos ut corporis nihil adipisci tempora aut. Animi omnis commodi sed corrupti voluptatem. Dolor possimus cum impedit voluptas.'),
(55, 'Prof. Lucius Howell', '684.569.74', 'Non dolorum in eius. Voluptatem dolor aut et molestiae. Minima impedit voluptatem illum inventore.'),
(56, 'Tamia Walker', '588-580-85', 'Asperiores et inventore officiis odio. Voluptates dolore architecto modi commodi dolore. Sit odio voluptatem impedit amet. Odio ea qui eos voluptatem non.'),
(57, 'Prof. Mylene Huels', '1-511-131-', 'Libero quis voluptatem quia distinctio nemo sed est. Numquam cum voluptates natus accusamus voluptates. Atque ut nisi voluptatum exercitationem.'),
(58, 'Blanche Harris', '873-696-40', 'Sed nulla sint fugiat dolorum a repellendus. Laudantium quos qui nam. Perferendis nobis delectus est aspernatur. Facere dolores aspernatur dignissimos debitis repudiandae at.'),
(59, 'Terrell Cruickshank', '123.807.04', 'Nam dolore eveniet rerum. Voluptatem autem dolorum qui assumenda. Fugiat a ex atque. Minus et nostrum minus eum error.'),
(60, 'Clemens Russel', '+46(2)2607', 'Aut quisquam expedita dignissimos amet. Odit beatae ipsum dicta illum. Ea aperiam odio et error et.'),
(61, 'Stacy Dietrich', '679-201-69', 'Voluptatum dolore quo rem laudantium. Exercitationem dolor maiores sit similique corporis sunt. A velit soluta est et totam qui. Voluptatum at laudantium magnam et modi.'),
(62, 'Pink Baumbach', '0794936830', 'Asperiores recusandae molestiae placeat sequi nostrum vitae eaque. Asperiores placeat voluptas unde sunt nam.'),
(63, 'Nat Sanford', '+84(2)5524', 'Praesentium neque itaque neque eum eum. Nisi ipsum aperiam et ipsam atque architecto odio beatae. Ipsam et aperiam unde autem.'),
(64, 'Prof. Fleta Kassulke', '1-562-256-', 'Consectetur id fugiat a saepe provident a nihil. Ut maxime magni voluptas. Rerum est aut enim ipsum itaque.'),
(65, 'Maya Casper', '515-109-94', 'Odit non veniam ratione. Quasi dignissimos inventore neque impedit laudantium. Tempore et molestiae minus voluptas corporis nemo dolores.'),
(66, 'Brett Labadie MD', '367-919-81', 'Placeat unde aut esse asperiores et accusantium. Est exercitationem velit ipsa corrupti tenetur. Dolorem a eum voluptatem et. Excepturi laudantium et in.'),
(67, 'Geovanni Kertzmann', '598.022.80', 'Eos enim animi dolores ratione officia iusto autem numquam. Reprehenderit voluptatibus quo non illo quis sit. Saepe doloribus dolorem officiis.'),
(68, 'Earnestine Kreiger', '1-650-470-', 'Id quidem asperiores repudiandae animi perferendis nemo. Sit nisi sed vel ut aut. Nam delectus maxime doloremque necessitatibus. Ut architecto quis nesciunt qui quis.'),
(69, 'Queenie Kuphal', '0083042676', 'Eum voluptatem eum sit laborum dolores sed corrupti. Qui dolorem quisquam dolor officiis neque cum illum. Amet quia maiores sit. Aperiam non expedita aut nihil.'),
(70, 'Lily Beahan', '909-916-55', 'Est dicta quia et quam. Iure sed et blanditiis aut quis molestias aut. Debitis rerum sed dolores ipsum qui quo rerum. Ea ut sit laudantium placeat at facilis.'),
(71, 'Nathan Walker III', '307-444-37', 'Et eveniet nobis voluptatibus eveniet assumenda necessitatibus quo eveniet. At odit rerum quibusdam modi et.'),
(72, 'Jefferey Crist', '(004)554-3', 'Provident qui aut fugiat qui animi. Qui sunt nam illo aut aut qui tempora veniam. Illo adipisci molestiae quidem sed et. Commodi corporis ex ipsum quod dolor.'),
(73, 'Estell Bruen', '633.285.52', 'Id hic a id dolores atque neque. Et laboriosam asperiores molestias alias laudantium nulla ut. Veritatis ullam et deleniti molestiae illo. Architecto et ad sed et.'),
(74, 'Lavonne Lubowitz', '1-945-920-', 'Et non harum quibusdam facere maiores. Quaerat quasi debitis et iste. Omnis minus fugiat architecto iure eveniet eveniet asperiores.'),
(75, 'Aglae Carroll', '1-962-771-', 'Numquam dolorem sint provident dolores quia rerum. Sed id vel vitae est. Repudiandae accusantium esse quidem et voluptatibus porro. Sapiente consequatur quae officiis dolores.'),
(76, 'Dayna Bednar', '+74(9)9720', 'Et voluptatem ut qui qui molestiae et est. Corrupti adipisci quibusdam iure non praesentium deleniti doloremque voluptas.'),
(77, 'Prof. Lurline Quigley', '683.778.19', 'Aut est fugit molestiae odit ut nesciunt molestias. Natus aliquid voluptas reprehenderit eum. Eligendi fuga ab voluptate consequuntur animi iure.'),
(78, 'Luz Ritchie', '(075)555-5', 'Ab cum praesentium aut cupiditate. Dignissimos ipsum harum ratione ratione et omnis est labore. Consequatur vitae atque rem deserunt corporis. Id dolorum et eum repudiandae saepe qui.'),
(79, 'Zoe Rutherford', '+63(9)2591', 'Excepturi numquam dolor quia dolores. Natus voluptates ratione et voluptatum. Est autem accusamus non aut vel eligendi.'),
(80, 'Keyon White Jr.', '1-329-915-', 'Autem quas ut vel molestiae eos dolorem rem ea. Ut officiis et et suscipit. Qui totam voluptatem neque voluptatem natus reprehenderit. Iure corporis accusantium error id.'),
(81, 'Arlie Waters', '(711)660-5', 'Et corrupti et est architecto. Provident quam quas illo aut. Eum earum consequuntur officia itaque quaerat dolores aliquam.'),
(82, 'Sophie Weimann', '192.623.31', 'Debitis cupiditate est sed porro aut. Facere facilis placeat non sit.'),
(83, 'Alexandrine Larson II', '699.440.69', 'Optio dolores debitis dolorum ducimus. Corrupti et laborum sed culpa commodi nisi quisquam. Aut qui qui qui in dolor. Necessitatibus sit aut ut aut iure nostrum. Ea non ducimus quam non.'),
(84, 'Mr. Charley Halvorson', '(023)471-7', 'Ut omnis eaque quam et. Et quidem atque dignissimos iure consequatur facere. Qui dolore quis ex voluptas odit omnis impedit. Autem vitae quam molestiae corrupti nam.'),
(85, 'Mr. Blaze Homenick', '067.191.00', 'Consequatur ut dicta sint non perspiciatis sit nesciunt. Harum quia assumenda earum excepturi quia. Sint eos similique deleniti corporis aut veniam.'),
(86, 'Keanu Morar', '(711)800-7', 'Impedit ipsa accusantium modi neque eum ut. Eligendi vero tempora magni qui officiis nulla. Odit eos rem dicta commodi.'),
(87, 'Tracey Green MD', '1-311-684-', 'Est nihil laudantium et deleniti aspernatur veniam dicta. Blanditiis modi reprehenderit ea fugit repellendus. Culpa dolorem nam blanditiis id sint quae consectetur repellat.'),
(88, 'Carlo Luettgen', '208-627-71', 'Dolorum consequatur deleniti recusandae quod quaerat. Doloribus similique facere tempore veniam ut quisquam. Mollitia placeat est nulla id repellat.'),
(89, 'Monica Grady', '0813436644', 'Excepturi doloribus sint hic consequuntur ullam inventore. Ea rem in eum repellendus aspernatur debitis. Est possimus neque enim consequatur ea omnis nostrum accusantium.'),
(90, 'Rosalind Hand', '(866)833-3', 'Modi velit soluta porro quo sit quo dolor. Et nam perferendis incidunt laborum labore. Iure architecto ab sit est et. Minima unde dolorem quo voluptatum fuga alias rem aliquid.'),
(91, 'Amiya Heathcote', '410-303-04', 'Voluptas quia omnis esse perspiciatis repellat sunt. Vel culpa quia expedita esse mollitia repudiandae magnam. Quia recusandae labore modi rerum accusamus consequatur.'),
(92, 'Elisha Hills', '(970)068-8', 'Voluptatem voluptatem error eveniet veritatis quos nisi ut voluptas. Nisi tempora similique hic dolor. Distinctio et odio animi voluptas. Aliquid eligendi possimus tempore et et voluptas earum.'),
(93, 'Emely Adams DVM', '1-825-847-', 'Odio consequatur iusto vel voluptas beatae aut. Blanditiis commodi nam neque. Maiores sunt aut voluptatem quis laudantium.'),
(94, 'Kendall Murphy', '0990139615', 'Quam quos enim tempore dolorum distinctio error quasi. Itaque ipsum est veritatis voluptate perspiciatis reprehenderit facilis. Voluptatem ratione recusandae sed aut est fugiat molestias veritatis.'),
(95, 'Elvera Borer', '(237)165-0', 'Non nesciunt eligendi minus et maxime. Dolor nam architecto mollitia corrupti. Labore enim consequatur est. Aut neque suscipit porro numquam.'),
(96, 'Mr. Raleigh Kiehn II', '(650)182-8', 'Repellat explicabo quasi recusandae esse illum consequatur aperiam. Quos omnis repellendus saepe similique sit quia. Non adipisci soluta totam.'),
(97, 'Prof. Russel Hauck IV', '770.613.68', 'In ducimus voluptates rerum iusto exercitationem doloribus. Quae exercitationem et officia iure.'),
(98, 'Berneice Beer', '0168095302', 'Aliquid et voluptatem atque non eveniet eos autem. Et tempora dicta culpa. Rerum et beatae maiores ad error cupiditate voluptatem. In ullam voluptatem deleniti doloremque est possimus.'),
(99, 'Adolfo Gislason', '(206)454-0', 'Ut eaque enim sed eum velit. Iste magnam consequuntur consequatur facere et. Voluptatum ad voluptatem reiciendis mollitia optio sed.'),
(100, 'Prof. Flavie Bayer', '1-358-525-', 'Autem vel dolores ut ut. Sapiente natus illum dolore occaecati ut. Soluta optio officia dolor ipsa.');

-- --------------------------------------------------------

--
-- Table structure for table `blogs`
--

CREATE TABLE `blogs` (
  `id` int(11) NOT NULL,
  `author_id` int(11) NOT NULL,
  `title` varchar(255) NOT NULL,
  `content` text NOT NULL,
  `feature_img` varchar(255) DEFAULT NULL,
  `private` tinyint(1) DEFAULT 0,
  `created_at` datetime DEFAULT current_timestamp(),
  `updated_at` datetime DEFAULT NULL ON UPDATE current_timestamp()
) ENGINE=InnoDB DEFAULT CHARSET=utf8;

--
-- Dumping data for table `blogs`
--

INSERT INTO `blogs` (`id`, `author_id`, `title`, `content`, `feature_img`, `private`, `created_at`, `updated_at`) VALUES
(1, 1, 'Voluptate in qui est neque et.', 'Reiciendis tempora ut ut consequatur. Nihil repellat culpa quaerat. Eos non aut beatae consequatur fuga. Molestias rem animi saepe.', NULL, 1, '1981-03-19 16:03:04', '2002-12-30 23:38:30'),
(2, 2, 'Iste in ut id voluptatibus rem.', 'Nisi id unde placeat enim. Temporibus dolorum cum totam eos quia quas iste. Omnis aut ea error sint reiciendis consequatur. Atque aut quam quam non.', NULL, 0, '2019-11-30 23:28:14', '2010-04-15 06:52:17'),
(3, 3, 'Voluptatem delectus ullam sit.', 'Adipisci ut id veritatis rerum modi sequi. Consequatur ipsam quo mollitia vel et non libero. A placeat aut rerum minima ex culpa doloremque.', NULL, 0, '2007-05-08 17:48:48', '1998-09-01 02:55:11'),
(4, 4, 'Et magnam qui officia repellendus nisi vitae minus.', 'Reprehenderit exercitationem aut voluptas laboriosam qui. Iste nihil et et deserunt. Ullam cumque in quia vero aut quas accusamus sint. Ex rem nulla quia ratione similique et nulla.', NULL, 1, '1983-10-29 14:47:04', '1981-05-21 06:29:52'),
(5, 5, 'Facilis voluptatum id sed magni voluptatibus sit et.', 'Voluptatem commodi voluptate veritatis dolor odio perspiciatis incidunt. Enim quibusdam est beatae id.', NULL, 1, '1996-07-23 05:43:46', '1996-11-27 05:45:32'),
(6, 6, 'Minus officia deserunt omnis assumenda quidem ipsa amet.', 'Sapiente assumenda ratione esse autem excepturi. Sed quisquam et qui vel. Architecto iusto non totam tempore ut porro.', NULL, 0, '1997-01-31 04:20:39', '2007-12-14 14:18:07'),
(7, 7, 'Aut pariatur et ipsa voluptate deleniti quia.', 'Dolorum animi molestiae perferendis fugiat cum corporis aperiam eum. Est in recusandae voluptas et suscipit. Aut sed minima dolorum excepturi. Suscipit quia recusandae voluptatem officiis.', NULL, 1, '2005-03-24 12:39:52', '1978-07-11 10:04:51'),
(8, 8, 'Consequatur deserunt et et voluptatem repellendus.', 'Nulla non exercitationem saepe esse eveniet fuga. Quia id magnam officiis dolores nam ut dolorem necessitatibus. Corporis deserunt quo quis veritatis iusto consequatur.', NULL, 1, '1973-08-28 10:14:11', '1994-06-24 12:03:54'),
(9, 9, 'Est assumenda cumque aut ratione.', 'Quam quas magnam earum animi veniam quo. Et laudantium sit iusto ad occaecati et. Ex quos voluptatem delectus.', NULL, 1, '1971-08-09 02:33:50', '2012-10-28 09:24:19'),
(10, 10, 'Error ipsum harum atque.', 'Quae ratione ratione maxime et sed ut. Deleniti dolorem nihil recusandae totam aspernatur ut quaerat minus. Sed et enim deleniti numquam vel et. Voluptatem in quae dicta dolore cum consequuntur illo.', NULL, 1, '1993-12-31 18:15:34', '2020-12-22 16:05:06'),
(11, 11, 'Explicabo autem deleniti est cupiditate qui hic.', 'Est aut et et totam voluptatem excepturi inventore. Non eligendi repudiandae corrupti eum ut perspiciatis. Dolor sed provident et quae doloremque.', NULL, 0, '1993-05-26 01:35:36', '1974-12-15 18:34:15'),
(12, 12, 'Modi non et autem reiciendis enim quam excepturi.', 'Esse porro provident est dolores. Sit molestiae eveniet esse quas omnis voluptates. Adipisci maiores ad cumque repudiandae.', NULL, 1, '1975-05-09 16:59:25', '1982-09-08 18:52:33'),
(13, 13, 'Culpa error cupiditate consequatur voluptatem.', 'Accusantium asperiores atque voluptatum vel neque et. Molestiae qui voluptate et ut sed. Ullam quo aut quasi perferendis numquam tempora. Voluptatibus est quaerat quas.', NULL, 1, '1978-05-30 01:06:14', '2010-11-17 13:12:24'),
(14, 14, 'Molestiae consequuntur quasi rem cumque.', 'Id architecto recusandae architecto molestiae. Ipsa quisquam ullam minima aut facere ut. Pariatur eum autem sint veritatis hic totam quia. Cupiditate quis et at quae rem perferendis.', NULL, 1, '2019-04-24 02:27:56', '1978-11-17 16:18:28'),
(15, 15, 'Itaque sint dolores sequi ducimus eum facilis et.', 'Sunt excepturi voluptatem libero nihil dolor ratione ex. Commodi enim recusandae veniam veniam corporis. Voluptatum numquam repellendus aliquid nisi qui maiores ut.', NULL, 1, '2001-03-29 05:38:26', '2001-07-19 02:17:33'),
(16, 16, 'Doloremque fugiat sint enim in odit nisi.', 'Est sit aspernatur nobis. Laboriosam quo eveniet velit culpa voluptas reprehenderit. Maxime doloremque enim libero cupiditate consequatur quisquam porro et. Voluptas earum rerum reiciendis cum.', NULL, 1, '1983-01-22 18:26:59', '2021-05-04 21:46:34'),
(17, 17, 'Cupiditate et repudiandae magni molestias.', 'Culpa sed et repellat cumque consequuntur voluptatem quas unde. Sint nulla cupiditate dolorem illo. Tempore atque laboriosam praesentium dolore quis.', NULL, 0, '1991-05-13 19:58:26', '2007-08-08 20:50:10'),
(18, 18, 'Veniam rem velit doloremque similique et sint dolorem.', 'Ipsam qui expedita quis cupiditate vel ullam. Eum corporis sint dicta laboriosam dolorum necessitatibus voluptate.', NULL, 1, '2012-11-23 09:26:01', '2007-08-23 13:09:14'),
(19, 19, 'Nulla iste iste cumque dolor architecto occaecati earum.', 'Nulla culpa et distinctio. Aut beatae sed voluptas ipsa dicta provident.\nId qui repellat est in ad iure ut. Dolor magni molestiae possimus est.', NULL, 0, '1998-03-16 11:40:52', '1997-05-15 04:22:38'),
(20, 20, 'Temporibus tenetur similique officiis quos.', 'Porro facilis expedita in soluta aut culpa saepe. Unde sapiente natus odio amet sint aut. Consequatur praesentium tempore doloribus suscipit quos.', NULL, 0, '2011-12-05 20:33:47', '1995-07-27 18:47:05'),
(21, 21, 'Sint repellendus perferendis illo deleniti temporibus aut eius tempore.', 'Illo sed vel ut explicabo libero. Aut voluptas nisi ut qui molestiae et. Praesentium optio magni quia ipsam ratione sunt. Voluptas ut iusto quis velit repudiandae quia sed.', NULL, 0, '1986-04-01 21:07:12', '2013-09-29 10:38:47'),
(22, 22, 'Eligendi suscipit odio magnam soluta qui.', 'Eos modi exercitationem ut eum laboriosam a natus a. Voluptas commodi nulla praesentium sequi omnis.', NULL, 1, '2017-12-03 15:50:02', '1971-12-01 00:13:06'),
(23, 23, 'Qui voluptatibus iure fuga qui reiciendis ut praesentium cumque.', 'Velit magnam in dolores nostrum rerum quam omnis. Quam quos magni accusamus et distinctio sed. Fugit autem ipsam sit rerum rerum iusto vitae. Architecto amet dolores totam recusandae sunt.', NULL, 1, '1975-10-23 16:52:48', '2015-09-17 03:33:55'),
(24, 24, 'Dignissimos impedit numquam sunt corrupti dolore.', 'Et aut aut et sed iusto ab. Ab et ut id repellat magnam quisquam error. Odit necessitatibus fugiat quod rerum iste voluptatem iure et. Laborum voluptas distinctio excepturi explicabo.', NULL, 1, '1983-08-12 14:55:45', '2015-02-28 10:08:30'),
(25, 25, 'Facilis omnis et nesciunt doloremque dolor eligendi.', 'Odit non accusamus et sapiente dolores. Necessitatibus molestias sint placeat quibusdam rerum at distinctio animi. Omnis enim tempora eos blanditiis.', NULL, 1, '1972-04-04 18:52:42', '1982-11-14 13:17:51'),
(26, 26, 'Quod ratione nihil dolore odit hic dolore.', 'Asperiores ratione ea voluptatem dolores sed nemo distinctio. Odit sit maiores voluptas libero asperiores sunt.', NULL, 0, '2018-10-10 12:50:49', '1985-04-11 12:32:51'),
(27, 27, 'Dolores vero ut quaerat ut quia ipsam.', 'Architecto odio deleniti ut tempore beatae cumque. Minus eligendi adipisci temporibus doloribus illo. Doloremque enim quos ut. Nihil aperiam ad magni blanditiis deserunt odio facilis aut.', NULL, 1, '2000-06-28 13:23:15', '2011-10-01 12:00:01'),
(28, 28, 'Possimus suscipit ut ipsum est nihil est.', 'Animi inventore harum provident. Reiciendis non ratione voluptatem deleniti eos. Sit neque quod qui dicta perferendis debitis. Ratione ratione qui tempora magnam.', NULL, 1, '2019-12-26 11:18:15', '1977-10-07 01:02:12'),
(29, 29, 'Porro facilis officia accusamus minima.', 'Ex laboriosam sit ipsa nemo voluptates beatae a qui. Vero error id ut sunt et deleniti. Aperiam voluptate distinctio enim hic quasi architecto quos natus.', NULL, 1, '1988-03-02 21:09:09', '2010-06-19 00:09:13'),
(30, 30, 'Ea quidem sit officia cumque quos adipisci.', 'Molestiae harum laboriosam quam iste doloribus. Quis repellat est quisquam est quia laboriosam. Non autem laboriosam vitae tempora libero quasi. Accusantium et numquam dolore amet sed error.', NULL, 1, '2019-05-09 14:23:57', '1990-03-12 01:35:36'),
(31, 31, 'Harum recusandae eveniet consequatur fugit quidem.', 'Laudantium quas eius officia nemo. Sed modi suscipit occaecati. Modi ut aut est repellendus nam. Et nobis delectus dolores incidunt aut.', NULL, 1, '1996-10-20 10:57:37', '2011-08-18 21:58:17'),
(32, 32, 'Explicabo iste omnis accusantium quos eos.', 'Quia suscipit repudiandae qui expedita et nemo. Cum voluptatum ipsum omnis cumque. Qui consectetur voluptatem aut sapiente exercitationem eum. Amet et sunt et optio.', NULL, 0, '2011-09-29 21:15:27', '2007-02-10 01:00:04'),
(33, 33, 'Quo quia et impedit libero.', 'Beatae quo qui nesciunt dignissimos deleniti ut. Dolorem aliquid quae id ab voluptatibus itaque voluptatum. Voluptatem assumenda beatae est. Et ex tempora cupiditate autem voluptas dicta.', NULL, 1, '1986-09-14 16:27:08', '1977-11-29 04:08:12'),
(34, 34, 'Et et dolor vero facilis tempora quibusdam cupiditate.', 'Ratione minima excepturi rem nihil modi hic et. Officia rem id aut ut. Aut nemo laboriosam rerum id officiis voluptatibus inventore.', NULL, 1, '1978-07-28 18:23:07', '1984-03-22 00:57:26'),
(35, 35, 'Quidem nesciunt sunt repellat doloremque maxime.', 'Necessitatibus pariatur aperiam at. Aspernatur qui sed delectus et nemo autem. Sed magni dolorem voluptatem dolores sunt consequuntur sed. Maxime aspernatur aut facere et aspernatur placeat possimus.', NULL, 1, '2001-08-28 20:59:31', '2003-10-19 01:27:12'),
(36, 36, 'Illo aut ut et nihil.', 'Nesciunt voluptas quia saepe ut autem nam. Omnis ea vero rerum. Quaerat recusandae est rerum molestiae corporis odio quibusdam.', NULL, 0, '2010-07-20 01:47:10', '2005-07-26 20:22:40'),
(37, 37, 'Enim doloribus nihil assumenda assumenda.', 'Qui inventore laboriosam consequuntur distinctio. Qui doloribus eius consequatur nihil iure occaecati excepturi. Eveniet iusto reiciendis est corporis tenetur aperiam.', NULL, 1, '1977-01-03 05:14:53', '1972-07-25 09:24:24'),
(38, 38, 'Ut provident omnis blanditiis beatae veritatis totam.', 'Voluptates quia et sequi autem et et. Non cupiditate voluptates incidunt aut ipsam neque. Deleniti et enim enim et.', NULL, 1, '2008-04-29 16:20:13', '1971-08-15 23:09:57'),
(39, 39, 'Sit minima qui officiis accusantium.', 'In non odio magnam nesciunt dolorum quia aspernatur. Similique sunt veritatis enim dolorem qui sit numquam repellat. Accusamus voluptatem minima debitis dolores expedita. Natus sit unde facilis.', NULL, 1, '2008-05-30 08:18:40', '2001-07-30 00:34:41'),
(40, 40, 'Velit sed sint itaque natus culpa sapiente ratione.', 'Quia voluptatem nam totam accusamus sint. Facilis autem dolorem itaque qui perferendis. Accusantium suscipit delectus deserunt eum sit.', NULL, 0, '2016-10-08 10:16:43', '2006-03-24 07:02:19'),
(41, 41, 'Ipsam est libero quis qui cum vitae voluptate.', 'Atque assumenda quia doloremque molestiae quam ut. In quia illum debitis saepe est ut voluptatem. Autem impedit non beatae.', NULL, 1, '1985-12-09 19:39:33', '1988-10-20 09:32:59'),
(42, 42, 'Officiis nam ad maiores possimus aut rerum error.', 'Quia quia nulla in tempore enim ullam et. Voluptas veniam quas aliquid placeat velit. Perspiciatis minus sit vero asperiores non consequatur illo. Occaecati cupiditate ullam sit dignissimos.', NULL, 0, '2003-03-15 03:46:50', '1976-03-18 09:30:25'),
(43, 43, 'Natus soluta aut dolorem qui.', 'Qui iusto est cumque et et debitis sed. Enim debitis voluptate laboriosam sint optio. Modi quo et est.', NULL, 0, '2005-10-27 02:09:30', '2002-03-11 14:19:37'),
(44, 44, 'Corrupti vero eum expedita autem optio perspiciatis illo ullam.', 'Dicta voluptate omnis incidunt. Quidem est ad quaerat nihil voluptatem blanditiis iste.', NULL, 1, '2006-09-06 16:45:12', '2006-10-16 03:16:31'),
(45, 45, 'Cupiditate quia vel est quia.', 'Eum est culpa id et. Dignissimos voluptatibus aut ut dolores non. Quia delectus consequatur eligendi aut dolorem ullam. Voluptas magnam voluptates aut sed ut.', NULL, 1, '1976-04-07 19:24:02', '2005-06-16 23:18:32'),
(46, 46, 'Cum neque vel praesentium quo.', 'Nobis eaque nam tempore officia rem rerum optio. Voluptates repellat ut dolorem quod. Qui eos minus sed nemo blanditiis et ut.', NULL, 0, '2003-12-08 16:05:53', '1979-08-23 09:30:48'),
(47, 47, 'Esse enim maxime deserunt dolores nihil rerum.', 'Perspiciatis voluptatibus ex aut ipsam error nostrum dolor. Repellat dignissimos dolorem sit suscipit. Qui alias laudantium mollitia aliquam cum.', NULL, 0, '2019-11-21 16:46:19', '1972-01-27 00:29:12'),
(48, 48, 'Nulla nesciunt non ipsa officia maxime.', 'Dolor doloremque fugiat sint. Sunt corporis ad qui minus quae dicta temporibus. Magni facere et id. Dolores id inventore qui ipsam rerum fugit fugiat.', NULL, 0, '2003-01-19 23:00:12', '1978-09-19 19:52:59'),
(49, 49, 'Qui suscipit consequuntur reiciendis sed.', 'Quia sint ut alias quia hic unde recusandae. Molestiae eos quo ut ipsum. Et sint ut sed autem at iure. Repudiandae reiciendis sed eligendi quasi iusto.', NULL, 1, '1983-09-26 01:08:01', '2018-04-16 02:35:34'),
(50, 50, 'Quas sit saepe deleniti omnis qui doloremque.', 'Corporis tempora repellendus repellendus exercitationem et harum ipsa inventore. Quo magni explicabo totam rerum iure dolores facere. Aliquam rerum et ea perferendis et et et.', NULL, 1, '2016-07-18 17:09:36', '2015-02-05 01:51:47'),
(51, 51, 'Quia aut quaerat tempora est quod debitis.', 'Qui nostrum quaerat sed sed nulla eligendi error. Ab et optio itaque occaecati. Minima quos iusto nesciunt. Accusamus unde deleniti consequuntur aut.', NULL, 0, '1974-12-03 13:54:55', '1992-09-18 22:32:43'),
(52, 52, 'Omnis amet provident quos ea consequuntur libero.', 'Quibusdam aut et aliquid expedita delectus dolorem. Est et ut repellendus quae inventore. Porro rerum quam qui. Ea consectetur consequatur quo est accusantium possimus dolor.', NULL, 1, '1972-04-13 12:18:24', '1971-04-07 19:03:03'),
(53, 53, 'Rem sit voluptatem minima accusamus mollitia vitae.', 'Quia ea non possimus dolorem cupiditate ut. Necessitatibus iure nihil incidunt necessitatibus. Atque ipsam ipsa rerum rerum cumque.', NULL, 1, '2022-02-21 04:30:09', '1970-04-15 23:05:38'),
(54, 54, 'Enim aliquid excepturi expedita dolor voluptas quia culpa.', 'Accusantium id ut dolores natus. Veniam asperiores dignissimos consequatur et quia illum.', NULL, 0, '1987-10-10 14:36:19', '2014-10-10 08:42:52'),
(55, 55, 'Repellat dignissimos et et unde sequi non adipisci.', 'Voluptatem tenetur impedit tempora voluptatem eaque molestias facilis. Molestiae omnis ullam ut sequi cum. Eius dolor ut nihil voluptatem minus. Quidem eum amet dolorum illo aut tempora.', NULL, 0, '2012-09-07 20:45:26', '2009-06-22 03:10:48'),
(56, 56, 'Quas voluptatem nam omnis ad repellendus.', 'Placeat facere eum quae tempore occaecati corrupti. Voluptate at autem non doloribus sit similique exercitationem. Consectetur non repudiandae perferendis expedita facere quaerat quod quo.', NULL, 1, '2012-10-16 23:28:38', '2008-08-19 13:43:49'),
(57, 57, 'Sit itaque iusto quae.', 'Voluptatibus dolor labore illo delectus illo odio dolores fugiat. Qui nihil maiores officia vel similique. Possimus praesentium est id. Provident aut molestiae aliquam et necessitatibus quae.', NULL, 1, '1995-11-04 16:14:53', '2010-11-15 04:44:00'),
(58, 58, 'Enim dolor praesentium dolore est.', 'Id totam dicta eos et. Voluptatem rerum aspernatur delectus eos voluptates dolor aut. Mollitia iste occaecati nostrum sequi. Et omnis ad rerum nobis.', NULL, 1, '2022-06-24 05:30:45', '2020-01-24 03:36:48'),
(59, 59, 'Non et culpa facilis delectus accusantium voluptas.', 'Sequi sunt incidunt ut nihil maxime dolorem unde. Itaque sunt ut aliquid commodi in est dolor. Error atque aut voluptatibus sapiente cumque.', NULL, 0, '2018-09-20 16:42:07', '1987-09-08 13:13:28'),
(60, 60, 'Error vel sed qui vero.', 'Cumque sapiente est error esse repudiandae occaecati aut. Temporibus molestias totam et sequi. Fugiat optio ipsa adipisci nisi. Sunt est debitis ratione omnis sint illum error.', NULL, 0, '1982-05-18 18:30:48', '2012-02-22 22:58:00'),
(61, 61, 'Distinctio enim occaecati iusto voluptas.', 'Sed debitis reprehenderit tempora facilis dicta. Necessitatibus sed consequatur expedita et. Omnis qui tempora et facere. Non qui facere repudiandae aspernatur.', NULL, 0, '2005-01-02 17:00:25', '1973-01-06 18:38:12'),
(62, 62, 'Necessitatibus voluptas in enim accusantium.', 'Delectus labore fugiat nemo magnam totam. Aut adipisci quia ut id ipsum voluptatem. Dicta ratione quibusdam minus aut suscipit. Molestias nemo sunt deserunt officia quo minus.', NULL, 1, '1993-02-22 03:22:35', '2017-04-28 02:16:41'),
(63, 63, 'Aut et molestiae non voluptatem ipsa soluta.', 'Aut nam quae repellat saepe. Qui rerum alias sit dolore. Dignissimos voluptas et at voluptas temporibus.', NULL, 1, '1996-11-28 12:08:03', '1979-06-22 15:25:49'),
(64, 64, 'Et adipisci voluptatum maiores ut rerum quis eos.', 'Sint necessitatibus culpa sint ratione. Aut nostrum sed quod consequatur corrupti. Doloremque similique veniam enim et vitae. Ut sequi et non accusantium rerum.', NULL, 1, '2005-02-27 18:59:18', '1993-03-23 18:17:40'),
(65, 65, 'Amet sit est et repellendus vero quod.', 'Et natus cumque omnis autem quae et. Tenetur aut nulla eveniet est natus.', NULL, 0, '1995-07-11 14:25:29', '1992-12-29 09:34:43'),
(66, 66, 'Mollitia culpa porro perspiciatis accusantium tempora sit voluptatem a.', 'Labore amet occaecati numquam optio est numquam. Et expedita et earum magnam vel neque ea. Dolor ea quo dolores et fugit. Aut quos inventore quis sint.', NULL, 0, '2010-07-30 03:04:27', '1980-06-29 04:11:53'),
(67, 67, 'Atque illo et unde laboriosam veritatis qui.', 'Nisi temporibus eaque deleniti quisquam ullam. Animi similique aut quidem quis. Ratione quasi itaque alias harum nobis. Est deserunt rerum soluta.', NULL, 0, '2014-05-26 18:26:32', '2007-03-07 19:09:34'),
(68, 68, 'Nostrum accusamus voluptatem quibusdam praesentium quia.', 'Ducimus est cumque eius exercitationem. Explicabo voluptatem libero atque cum. Modi dolor sed officia et dolores eius voluptas.', NULL, 1, '2013-03-10 15:20:52', '1988-01-19 12:26:32'),
(69, 69, 'Odio porro ea et ratione eius quia.', 'Veritatis magnam sed blanditiis rerum et. Vel eum vitae ut labore. Aut et non nihil vero. Laudantium molestiae eum alias maxime reiciendis.', NULL, 0, '1991-07-27 03:39:38', '2013-12-12 23:10:34'),
(70, 70, 'Eos consequatur et minus et voluptatem.', 'Quae qui quia repudiandae. Minus nemo delectus consequatur aut fugiat eum est. Alias sint dignissimos quia ut ab provident hic asperiores.', NULL, 0, '2017-02-10 20:29:29', '2004-03-25 01:28:57'),
(71, 71, 'Perferendis voluptatem est eum amet.', 'Voluptatum rerum et voluptate ea tempora autem. Consequatur nobis vero exercitationem est distinctio. Eveniet perspiciatis optio quis non ut. Est quo non voluptas unde eum est.', NULL, 0, '2013-09-20 16:07:56', '1990-12-17 00:16:22'),
(72, 72, 'Minus corrupti incidunt quibusdam.', 'Aperiam corrupti animi culpa aliquam qui. Magnam debitis consequatur quas rerum qui deleniti. Magnam est quia sed laudantium libero quo minus.', NULL, 0, '2003-07-23 11:44:01', '2012-03-01 18:35:38'),
(73, 73, 'Similique exercitationem tempore sint et enim.', 'Quaerat praesentium tenetur eos consectetur consequatur quis aspernatur est. Ut unde est non optio. Quas eum laudantium consectetur ut et deserunt ut.', NULL, 1, '1976-07-06 03:23:55', '2021-09-04 03:24:10'),
(74, 74, 'In eligendi in non dolores aliquid qui officia consequatur.', 'Impedit accusantium tempore ea molestiae reiciendis est ipsam. Amet omnis quaerat veniam. Itaque et quis et nemo ipsa quidem.', NULL, 1, '2004-03-07 22:09:01', '2005-12-14 15:00:18'),
(75, 75, 'Excepturi dolor fuga at rerum.', 'Eos ullam adipisci omnis odio libero suscipit. Molestiae nesciunt inventore nulla cupiditate. Veritatis et aut magni est aliquam aut totam. Voluptatum reprehenderit non ad enim aut.', NULL, 1, '1973-04-20 08:38:02', '1981-12-23 20:47:58'),
(76, 76, 'Sit quo blanditiis est quasi illum animi.', 'Quaerat cumque suscipit tenetur et consequatur est omnis. Et dignissimos quia non at est eos. Aut non et fuga reiciendis voluptates.', NULL, 0, '2005-06-17 02:36:45', '1993-12-24 10:29:43'),
(77, 77, 'Ut natus voluptas dicta molestiae distinctio.', 'Non tempora repellat dolores iusto laboriosam vel excepturi. Neque qui placeat ea odio odio. Expedita occaecati non illo maiores. Id ipsa et similique non.', NULL, 1, '1993-08-03 09:03:55', '1994-06-24 22:05:02'),
(78, 78, 'Omnis molestiae expedita qui nulla laudantium unde ut non.', 'Eaque id sint voluptatem nostrum. Dolorem aliquid voluptatem aut nam enim itaque. Dolorem labore ut maxime. Esse eligendi nihil autem alias impedit illo similique doloremque.', NULL, 0, '2011-12-20 13:07:23', '2018-08-27 05:01:09'),
(79, 79, 'Eum voluptatem cupiditate eveniet labore nobis aliquid.', 'Qui enim exercitationem quia accusantium maxime. A natus dicta saepe blanditiis autem ea aliquid. Quibusdam qui eum et quaerat facere. Exercitationem earum esse laboriosam ipsa vitae.', NULL, 1, '1989-08-24 07:15:06', '2016-12-28 06:45:45'),
(80, 80, 'Et aliquid ratione nostrum at officia.', 'Voluptatibus similique magni ut. Et illum tempore et occaecati accusamus fugit. Et aut ipsa rerum quis excepturi. Sequi voluptas repudiandae quibusdam est.', NULL, 1, '2011-09-19 19:08:29', '1983-05-30 20:27:51'),
(81, 81, 'Et ut non sit nulla.', 'Et suscipit nihil vitae eius. Nisi placeat est sint ut esse excepturi. Id magni nulla libero dolorem eos.', NULL, 0, '1975-11-22 17:41:07', '1975-09-02 19:36:59'),
(82, 82, 'Quasi cupiditate consectetur doloremque quas delectus occaecati.', 'Fugiat maxime omnis id iusto. Eum maxime iure commodi rerum qui accusamus.\nQui labore repellat vitae. Totam voluptate cum sunt iste temporibus aut. Placeat ab sequi qui repellendus.', NULL, 0, '1981-10-29 07:34:06', '1991-06-20 16:10:45'),
(83, 83, 'Deserunt fugiat et soluta distinctio aspernatur ratione sapiente rerum.', 'Consequatur debitis quis culpa est vitae quis aut. Voluptatem et omnis numquam. Dolorem nihil quisquam nulla odit quis dolor accusamus temporibus. Sed assumenda veniam aut est fugit quos aliquid.', NULL, 1, '1970-08-06 05:56:55', '1975-02-13 11:53:59'),
(84, 84, 'Accusamus dolore vitae non in at dignissimos.', 'Et non debitis voluptatem corrupti. Culpa delectus sunt in enim dignissimos. Libero ex quasi molestiae dicta.', NULL, 1, '1999-10-01 22:59:43', '2018-09-11 11:01:41'),
(85, 85, 'Tenetur modi amet perspiciatis minus.', 'Aut ad aperiam debitis odit at. Vitae earum consequatur qui et et ut. Qui sit earum fugit iure nobis.', NULL, 0, '1989-07-19 20:22:28', '1993-03-31 08:50:12'),
(86, 86, 'Non quo voluptas sit molestiae.', 'Dolorem illum adipisci omnis aut minima. Sit qui sunt cumque rem quo in. Quam aut omnis voluptate unde sed ipsam ipsa quidem.', NULL, 1, '2018-01-21 13:28:20', '2015-10-22 03:45:34'),
(87, 87, 'In quod laudantium sit corporis quo.', 'Sit perferendis est omnis. Nesciunt exercitationem eum est veniam ipsam.\nPlaceat saepe tempore et ullam. Totam et fugiat dolorem sequi. Quidem autem porro rerum optio accusantium laboriosam.', NULL, 0, '1977-03-10 19:34:36', '2016-09-07 06:59:27'),
(88, 88, 'Veniam velit expedita sunt ea similique culpa.', 'Sit dolores voluptates consequatur possimus qui voluptas ab. Facere mollitia nostrum quibusdam laborum iure. Amet voluptas rem ipsa corporis corrupti doloribus quidem odit.', NULL, 0, '1981-02-25 10:47:27', '2020-07-05 04:49:31'),
(89, 89, 'Et dignissimos porro quis tempora.', 'Ea quam ut nesciunt maxime. Nam occaecati quam repudiandae veniam. Qui tempora quia facilis voluptas laborum culpa. Maiores eaque dolores ut eos voluptas iusto quibusdam.', NULL, 0, '2007-07-24 05:51:59', '1971-05-01 13:43:45'),
(90, 90, 'Et autem quod unde quam dolor adipisci.', 'Necessitatibus asperiores eos blanditiis voluptatem voluptatum. Commodi ab nihil alias. Aut adipisci aut saepe accusantium.\nQui ut aut voluptas rerum. Similique soluta rerum cum et.', NULL, 1, '1976-11-19 01:11:38', '2016-10-24 09:59:42'),
(91, 91, 'Similique nulla quo eos doloribus vitae aut.', 'Pariatur vitae iusto voluptatem dolorem sit esse voluptas. Voluptatem amet amet omnis est dolorem. Voluptatem libero ut est nemo.', NULL, 1, '2009-05-08 04:28:05', '1975-10-12 02:09:10'),
(92, 92, 'Aliquam consequuntur possimus quis pariatur et.', 'Iste voluptatem est cum velit aut iusto temporibus. Recusandae commodi perferendis quia ut quod magni optio. Magni itaque ipsam architecto quasi laboriosam.', NULL, 1, '2001-07-12 09:13:15', '1975-11-06 10:12:07'),
(93, 93, 'Sint rerum porro quia nihil.', 'Unde at perspiciatis deleniti error aliquid voluptatem. Et esse enim esse. Non perferendis nulla reprehenderit amet officiis distinctio.', NULL, 0, '2004-08-24 10:29:34', '2019-07-17 20:19:04'),
(94, 94, 'Quis animi tenetur ex ut iure sit mollitia.', 'Quia harum mollitia quibusdam est. Culpa eligendi minus praesentium dicta maxime rerum quo impedit. Est est vel quam quia dolorem a.', NULL, 0, '1991-02-05 01:10:23', '1998-05-01 18:53:46'),
(95, 95, 'Sed sit ut et quod sit neque.', 'Et et quia nulla voluptatibus. Alias natus iste perferendis aut unde. Id architecto repellendus cum adipisci accusantium omnis.', NULL, 1, '2012-03-10 10:15:40', '1994-08-01 04:50:23'),
(96, 96, 'Ut non temporibus ipsam eum dolores cum.', 'Sint dolor expedita nemo provident aspernatur. Voluptas et ex quidem distinctio aut ipsa qui. Autem magnam qui eius corporis rerum provident. Error sequi provident quis omnis pariatur sequi harum.', NULL, 0, '1993-01-25 16:53:58', '1983-02-10 06:18:15'),
(97, 97, 'Voluptatem ut non rerum culpa vitae mollitia.', 'Sit eaque ratione iure. Necessitatibus qui voluptatum minima. Non nobis ullam sunt est culpa iure natus expedita. Saepe ea quia voluptas inventore. Earum vel ipsum molestiae reiciendis.', NULL, 0, '2007-06-08 04:43:33', '1988-09-21 14:22:58'),
(98, 98, 'Assumenda aut quia earum hic quaerat qui.', 'Consectetur delectus aut qui ab et quia ut. Quis cum quos ea nemo ducimus. Illo doloremque iusto enim consectetur est aliquam sit.', NULL, 1, '2021-12-10 20:58:48', '1973-02-02 17:59:30'),
(99, 99, 'Consequuntur laboriosam est magnam aut.', 'Voluptatem ut quia velit facilis. Minus magni accusantium consequatur ipsam nobis quia. Consequatur dolorem aliquam sit eveniet quos.', NULL, 1, '1974-02-01 15:11:35', '2016-09-26 06:28:15'),
(100, 100, 'Libero in velit corrupti.', 'Sunt dolore numquam sapiente hic ullam dolorum est maxime. Qui qui et fugiat vitae. Molestiae accusantium atque in expedita nesciunt voluptatem consequatur. Et suscipit enim et pariatur.', NULL, 0, '2014-01-31 19:08:24', '1983-03-04 20:11:08'),
(101, 1, 'Magni suscipit explicabo ut ullam occaecati laudantium sit.', 'Exercitationem dolorem et quia dolorem. Aut magnam vitae amet perferendis nostrum accusantium dicta quo. Quos alias quia voluptatum eaque pariatur. Et est a quia voluptates harum consequatur.', NULL, 0, '1982-04-12 03:46:43', '2010-04-19 02:15:44'),
(102, 2, 'Consequatur quo enim error aperiam.', 'Dolor sequi similique qui minus. Architecto a iusto sunt tenetur. Omnis sint qui illo officia impedit dolorum nostrum.\nDolorem ipsum eos placeat natus. Facilis quisquam sit aspernatur et odit et.', NULL, 0, '1998-06-03 20:57:04', '1987-07-10 10:28:43'),
(103, 3, 'Omnis qui incidunt quibusdam dolor assumenda.', 'Animi fuga eveniet quo dolorum. Hic nihil iusto ratione rerum et natus perferendis. Assumenda rem itaque modi doloribus.', NULL, 0, '2015-08-24 12:58:13', '1982-01-25 05:49:04'),
(104, 4, 'Ad excepturi debitis et eligendi ipsam.', 'Neque sed ducimus quos totam facere. Voluptatem sint non et ea. Ut magni quo aut cupiditate aliquam delectus. In et reiciendis cupiditate et.', NULL, 0, '2015-12-02 16:33:10', '2019-03-10 09:21:37'),
(105, 5, 'Molestiae aliquam vel quia non aut nisi eaque id.', 'Facere non voluptatem dolor. Dolorem a recusandae accusantium voluptatem. Reprehenderit consequatur dolorem et aliquam et et nihil repellat.', NULL, 1, '2022-06-04 01:43:12', '2008-03-09 03:20:12'),
(106, 6, 'Ut suscipit eum numquam error at nisi fugit.', 'Libero aspernatur aut unde. Inventore delectus minima omnis itaque similique. Dolore quia hic et iste. Provident delectus earum non quidem illum.', NULL, 0, '1984-01-10 18:30:30', '1995-12-23 19:18:05'),
(107, 7, 'Quis quaerat aliquam excepturi quae ea.', 'Ducimus deserunt cum consequatur quasi architecto sed. Voluptas necessitatibus voluptas autem architecto illo autem. Blanditiis culpa sed facilis quae provident eos.', NULL, 1, '1997-04-02 22:42:25', '2017-07-17 02:33:11'),
(108, 8, 'Optio et qui cupiditate voluptatem temporibus pariatur.', 'Et placeat eum sed consequuntur facilis et est. Non dolorem dicta reiciendis modi fugit et maiores. Temporibus eligendi vitae qui distinctio ea ut. Ut commodi labore est iusto ut impedit rerum.', NULL, 1, '1989-02-16 03:34:41', '1985-12-17 08:05:13'),
(109, 9, 'Fugit animi non quia.', 'Impedit exercitationem deserunt ut. Labore iste laboriosam maxime voluptatibus iusto voluptatem. Accusantium mollitia quod reiciendis omnis sequi quia. Quasi quae aliquid a id enim optio perferendis.', NULL, 1, '1996-01-12 18:03:18', '2008-03-13 08:11:45'),
(110, 10, 'Voluptatem error praesentium voluptatem vel natus et.', 'Quia accusamus dolor dolor est ut voluptas animi. Expedita iure distinctio qui. Qui nihil reprehenderit voluptatum quia.', NULL, 0, '1977-08-06 08:26:14', '1992-03-05 01:42:21'),
(111, 11, 'Repellat illum maiores nihil aspernatur sint.', 'Aperiam qui quas laboriosam eos. Hic debitis ullam rerum est cumque at. Est voluptatum atque rerum molestiae. Molestias quis officiis facere asperiores porro quos.', NULL, 1, '2005-12-29 07:30:44', '2009-12-17 23:35:22'),
(112, 12, 'Possimus sint aut quaerat vel sit.', 'Architecto laborum sed repellat. Itaque impedit ut tenetur sit omnis. Labore aut quia officiis dolor asperiores beatae sit. Ratione numquam tempora et dolores enim sapiente.', NULL, 0, '2003-05-18 17:15:06', '2018-10-30 18:13:58'),
(113, 13, 'Sit vitae voluptatum omnis harum nesciunt.', 'Perspiciatis aut rerum velit labore omnis porro sit beatae. Eius soluta ullam aliquam impedit fugit dolorem. Repudiandae eos repellat eos molestias. Dolorem deleniti vel et ut rerum minus voluptas.', NULL, 1, '1984-12-24 09:50:41', '1975-07-22 04:44:03'),
(114, 14, 'Aperiam voluptatem est ipsam sed ut error neque.', 'Quos quia quod consequuntur aliquid. Laboriosam maxime autem et. Omnis iure ab dolor eveniet eius. Quam dolor quibusdam quia.', NULL, 1, '2000-09-28 17:46:10', '1987-08-13 00:00:42'),
(115, 15, 'Quia magni perferendis perspiciatis.', 'Ullam qui odio nulla tempore consequatur. Rerum culpa ratione nesciunt possimus. Perferendis eos quasi ea qui et officia.', NULL, 1, '1993-02-18 16:10:49', '1982-08-26 19:22:28'),
(116, 16, 'Qui quo magni ut totam.', 'Laudantium voluptates iusto quam repellat. Quia cumque eum voluptate ex et quia atque maxime. Tempora est sunt deleniti hic repellat perferendis doloribus.', NULL, 0, '1999-12-11 16:03:39', '2020-10-04 05:13:49'),
(117, 17, 'Et quis quia quis molestiae recusandae.', 'Ut distinctio ipsam hic placeat alias quis. Sed excepturi eos molestias.', NULL, 0, '1989-12-29 20:26:03', '2013-07-17 11:54:06'),
(118, 18, 'Qui laborum architecto aut rerum possimus laboriosam.', 'Laborum aliquam sequi adipisci id iusto rerum omnis occaecati. Tempora ut magni dolorem qui ut rerum. Rerum et eligendi nemo beatae asperiores dolorem.', NULL, 0, '1974-04-26 06:28:12', '1977-10-30 15:20:00'),
(119, 19, 'Non perspiciatis voluptate et rerum provident.', 'Vitae est velit rem ullam. Eos dolores temporibus blanditiis ut error nostrum minus. Et nam quia quia. Consectetur laborum sequi suscipit possimus aut sint magnam nam.', NULL, 0, '1999-01-24 05:05:09', '1981-11-07 11:22:14'),
(120, 20, 'Quo voluptatem fuga molestiae est aperiam sint unde.', 'Perferendis dicta qui et impedit dolorem ea. Placeat hic sint rerum voluptate. Excepturi totam soluta dolor inventore. Quidem quasi dolor accusantium et aliquam ut in.', NULL, 0, '1992-03-10 12:41:52', '1979-03-15 01:14:47'),
(121, 21, 'Nisi officia nostrum repudiandae.', 'Commodi saepe omnis sit aut magni. Repellat neque alias commodi et. Explicabo voluptatem voluptatibus consequuntur sed. Alias quo dolorem sed minima aut.', NULL, 1, '2000-04-10 22:09:25', '2012-12-21 10:54:29'),
(122, 22, 'Corrupti aut adipisci quas ducimus vero sunt incidunt nesciunt.', 'Impedit nostrum qui neque voluptatum. Modi voluptates deserunt enim suscipit ut delectus harum. Voluptatem suscipit quidem enim accusantium sed vitae.', NULL, 0, '2011-06-16 08:14:36', '1978-08-09 10:57:49'),
(123, 23, 'Non quos quas accusantium officiis voluptates doloremque et.', 'Aliquam consequatur sit et quod est. Id maxime quis doloremque voluptatem ab non. Debitis aspernatur harum fugiat itaque dicta ut. Incidunt explicabo voluptatem delectus doloribus et.', NULL, 0, '1998-01-18 01:00:57', '2017-07-25 10:53:35'),
(124, 24, 'Ipsa pariatur aliquam consectetur non.', 'Voluptatem assumenda nemo velit vel aliquid modi natus. Et laborum dolorem recusandae illo sit voluptates eum. Excepturi sapiente omnis ut. Qui sed labore ipsa quis quis ut.', NULL, 1, '2009-05-22 21:37:24', '2016-12-05 18:31:00'),
(125, 25, 'Enim voluptatem minima ipsum repellendus enim voluptatibus ducimus.', 'Consequatur vel ipsum tenetur quia et dolores ut. Et quibusdam quae nostrum et sint. Beatae est ut recusandae molestiae quo.', NULL, 1, '1976-12-28 18:27:45', '2010-09-02 00:58:33'),
(126, 26, 'Sit quos accusantium culpa sapiente voluptates omnis.', 'Consequatur doloribus minus non vero nulla ipsa deleniti. Et fuga qui labore nulla. Cumque officia neque distinctio veniam et. Quidem quia et expedita voluptatum rem accusantium.', NULL, 1, '1987-05-13 04:51:58', '1991-09-06 05:46:44'),
(127, 27, 'Eligendi adipisci unde ut ab molestias vel ut eum.', 'Atque aliquam quae tenetur non repudiandae cupiditate. Reiciendis est debitis aut est est. Voluptatibus nihil quo tenetur placeat.', NULL, 0, '1989-11-21 20:34:59', '1996-05-29 23:23:47'),
(128, 28, 'Culpa qui cumque ipsam et deserunt quae et.', 'Sunt voluptatem ut aut officiis nulla qui consequatur. Fugit odio esse veniam nesciunt. Est quisquam dolorem minus quia nostrum.', NULL, 1, '2000-06-10 20:48:46', '2018-05-02 03:03:30'),
(129, 29, 'Ut sunt accusantium explicabo qui molestiae.', 'Dolores sapiente dolores esse. Quam est quia vel velit minima eaque voluptas. Quas consequatur officiis autem ratione aliquam reiciendis officia eligendi. Ipsam consequatur non excepturi nemo.', NULL, 1, '1975-10-14 04:31:30', '1992-11-01 21:45:58'),
(130, 30, 'Saepe laudantium unde alias ut voluptas et doloremque.', 'Sapiente aut et unde et. Veniam dolores ullam nihil qui.\nAlias sed architecto ullam sint. Aut molestiae quasi non et.', NULL, 1, '2009-11-12 00:33:06', '1996-01-03 07:03:12'),
(131, 31, 'Ducimus nemo dolor quia fuga maxime sed maxime.', 'Consequatur in magni quidem iste iusto suscipit. Ullam adipisci laboriosam neque blanditiis molestiae expedita. Dolor est esse ipsa alias dolor nesciunt libero.', NULL, 0, '1994-04-03 03:25:45', '1978-04-20 02:51:51'),
(132, 32, 'Quia inventore sed nam.', 'Rerum magnam non voluptatem dolor ea. Consectetur aut sed eum nobis et repellendus. Error qui debitis autem sit minima quo.', NULL, 0, '2003-05-20 16:43:02', '1989-12-03 14:34:03'),
(133, 33, 'Reprehenderit quaerat facilis esse laudantium explicabo.', 'Dolore est repellendus sequi laborum. Veniam quia nostrum eum necessitatibus in. Velit quia et in dolor cupiditate deserunt impedit. Et voluptatum eius beatae. Assumenda officiis ea modi.', NULL, 0, '2016-11-01 20:17:09', '1992-05-30 06:45:01'),
(134, 34, 'Ad dolores est vel.', 'Esse ut enim occaecati adipisci dignissimos. Et repellat culpa sapiente tempore quia aliquid. Et aut ipsum sunt enim dolorum.', NULL, 1, '2014-05-25 20:54:23', '1988-03-14 23:48:12'),
(135, 35, 'Ipsa voluptate iure distinctio voluptatem.', 'Consequatur odio voluptatum dolor est consequatur et aut. Modi ratione animi deserunt sed aut voluptas dolor. Amet corporis cumque itaque ducimus beatae voluptatum vel.', NULL, 1, '2000-11-04 18:21:26', '1997-03-15 13:15:35'),
(136, 36, 'Aut est illo illum consequatur.', 'Explicabo quidem voluptatem quo est qui. Qui ut magnam esse alias quod ut. Omnis maiores ea quo ea et fugiat iste a. Voluptatem voluptate atque debitis et sit officiis.', NULL, 0, '2014-02-13 07:20:36', '2017-03-10 09:29:12'),
(137, 37, 'Praesentium accusamus corporis et autem voluptatem incidunt in.', 'Eveniet velit eos saepe velit. Molestias minus eaque harum et ut tempore. Aut eos soluta eum voluptatem in. Minus dolor fugiat est qui. Delectus et eaque eos pariatur sapiente ullam soluta velit.', NULL, 0, '2004-07-20 11:42:36', '2018-07-04 14:48:17'),
(138, 38, 'Eveniet modi enim distinctio modi tempore quod debitis.', 'Fugit non ut porro. Omnis est non consequatur nihil necessitatibus autem quis. Ipsa est quasi nostrum. Dignissimos qui quis adipisci deleniti velit tenetur.', NULL, 1, '1985-04-17 08:35:54', '2020-01-28 03:56:50'),
(139, 39, 'Beatae voluptates voluptas consectetur labore minima aut enim qui.', 'Doloribus ut eligendi ipsam ut perspiciatis. Et hic iure sed rem aut. Quia omnis voluptatem quibusdam repellendus quia iure architecto officiis. Sunt enim et quia et autem eos eos.', NULL, 0, '1992-02-23 01:24:58', '1988-12-17 17:12:25'),
(140, 40, 'Ullam aspernatur ratione explicabo blanditiis et et odio quam.', 'Vitae laboriosam magnam voluptates quis. Nam aperiam expedita fugiat sunt. Facilis commodi voluptatum quis possimus sint quia fuga.', NULL, 0, '1991-01-29 21:23:51', '2003-08-25 02:18:46'),
(141, 41, 'Incidunt recusandae voluptate blanditiis eos.', 'Atque eveniet totam amet aliquid perspiciatis. Et quo amet quisquam pariatur. Voluptatum quis ut hic qui reprehenderit sunt.', NULL, 0, '1984-01-31 11:00:22', '2013-11-30 20:07:58'),
(142, 42, 'Culpa et facere sit id numquam.', 'Adipisci laudantium adipisci porro neque voluptatem voluptatum sapiente impedit. Quidem omnis occaecati consectetur quia commodi reiciendis. Amet velit perspiciatis consectetur fugit quo.', NULL, 1, '1997-05-12 11:37:33', '1984-03-25 23:24:14'),
(143, 43, 'Minima qui repellat ut dolore.', 'Sint placeat incidunt ipsum qui aperiam et. Ea officia necessitatibus debitis sed error at minus. Fugit commodi ut saepe laboriosam non corrupti.', NULL, 0, '2013-03-15 01:35:00', '2015-09-28 19:12:10'),
(144, 44, 'Doloribus ut veniam sequi.', 'Amet corporis voluptatum vero dolorum voluptas dignissimos nemo. Quibusdam molestias aut ea sed. Et beatae et quis.', NULL, 0, '1981-09-23 08:47:41', '1971-04-06 08:08:48'),
(145, 45, 'Aut id officiis est accusantium eum ea et.', 'Quo quia accusantium ut dolore qui tempora fugiat. Voluptas beatae ex nam eligendi.', NULL, 0, '1987-09-21 05:32:12', '2012-02-12 07:52:59'),
(146, 46, 'Molestiae quos nihil earum consequuntur ducimus explicabo eos.', 'Et voluptate atque nesciunt praesentium voluptatem error. Labore dolore dicta commodi laborum. Harum in saepe aut ipsam iusto. Totam quisquam repudiandae voluptatem magni corrupti ut dicta.', NULL, 1, '2020-09-17 22:08:50', '1988-11-15 03:33:08'),
(147, 47, 'Et est quasi recusandae eum laborum et totam.', 'Et ipsam sint harum suscipit. Nobis ratione molestias accusamus a. Libero voluptas rerum qui optio. Similique in minima non cumque. Repudiandae velit dolorem fuga quisquam delectus.', NULL, 0, '1975-01-10 08:29:13', '2004-04-16 00:29:44'),
(148, 48, 'Aut et neque doloribus possimus molestias asperiores.', 'Praesentium quia quibusdam voluptate voluptatem alias quae. Eum quaerat quasi sint animi qui aperiam alias. Molestiae neque totam qui rerum quae qui aliquid consequatur.', NULL, 0, '1990-05-01 19:52:24', '1991-06-15 14:15:45'),
(149, 49, 'Aliquid omnis minus consectetur eos quo sapiente ullam ipsa.', 'Fugit corrupti dolor numquam aliquam maxime dolor. Repellendus voluptates similique enim nobis. Quia hic aut laudantium nisi quo architecto.', NULL, 1, '1983-10-30 03:29:04', '2016-08-29 21:00:13'),
(150, 50, 'Impedit quam repudiandae et laboriosam ut sapiente.', 'Rerum vel consequatur aut commodi maxime est quibusdam qui. Expedita magnam dicta eos itaque cumque. Sed nulla voluptate nam ut veritatis repellat libero.', NULL, 1, '1982-05-16 01:22:31', '1997-03-05 02:27:06'),
(151, 51, 'Cumque error omnis velit aut.', 'Consequatur ad totam et dolores nulla. Omnis sit qui ut. Rerum sint rerum sed cum earum nostrum aut voluptas.', NULL, 1, '1983-10-22 23:31:08', '2011-10-17 20:54:03'),
(152, 52, 'Quibusdam eos occaecati praesentium quia doloremque.', 'Voluptatem et expedita ipsam aut. Sint officia delectus ipsum in. Sapiente sunt aut eligendi temporibus qui corporis et.', NULL, 1, '2000-04-04 02:54:34', '1971-11-27 20:54:05'),
(153, 53, 'Impedit laudantium labore laboriosam libero velit beatae.', 'Aut fugiat itaque qui voluptates dolor voluptatum perferendis aut. Molestiae dolorem omnis ipsam qui aut dolorem. Optio ducimus molestiae ut occaecati.', NULL, 0, '1974-12-12 21:26:49', '1971-04-13 14:13:21'),
(154, 54, 'Voluptatem quia dolorem sint eius.', 'Nulla temporibus ut enim sequi ducimus numquam et quis. Assumenda sint a temporibus ipsa.', NULL, 0, '2002-10-25 07:59:21', '1987-03-21 10:41:35'),
(155, 55, 'Culpa eos dolor nihil tempora.', 'Saepe sed voluptate porro id suscipit. Et vero quidem qui consequatur impedit in. Quibusdam quis excepturi reprehenderit adipisci quaerat.', NULL, 1, '2020-10-03 19:13:13', '1973-07-18 04:08:01'),
(156, 56, 'Aut non eos ipsum non delectus vero.', 'Voluptas dolorem sed porro. Atque animi id tempora ut est. Eos ratione aut saepe. Maiores aut et nulla occaecati sunt debitis.', NULL, 0, '1972-08-19 05:22:47', '2014-01-10 05:25:52'),
(157, 57, 'Dolores unde consequatur aliquid maxime nostrum reprehenderit cumque in.', 'Et quasi voluptatem eaque aliquid nostrum. Beatae id voluptas aliquid. Ullam laudantium molestiae rem ipsam aut id assumenda. Et earum voluptates ipsa.', NULL, 0, '2003-09-17 05:02:46', '2007-07-25 16:22:14'),
(158, 58, 'Natus sint quia dolorem ipsa inventore id vel commodi.', 'Et aut sed molestias commodi quia explicabo maxime. Sunt totam libero ex. Alias soluta delectus consectetur cumque consequuntur.', NULL, 1, '2022-04-09 04:53:20', '2004-02-23 15:16:16'),
(159, 59, 'Consequatur rerum adipisci aut consequuntur.', 'Nobis eos magni consequatur quidem ut asperiores nemo. Et fugiat corporis cum nostrum dolorem. Consectetur quis optio autem at est. Voluptate consequatur ratione autem non.', NULL, 1, '1983-08-18 05:47:39', '1999-02-21 15:40:58'),
(160, 60, 'Sed aut officiis laudantium.', 'Eos non qui quas velit aspernatur sit sunt. Et aut quis veritatis rem. Quidem voluptatem nulla quasi. Non accusantium voluptas sint consequatur corporis soluta tempore.', NULL, 1, '1974-07-28 09:45:27', '1986-05-11 03:08:55'),
(161, 61, 'Repellat optio commodi qui.', 'Facilis incidunt distinctio ea omnis qui corrupti. Autem eaque dicta magnam. Aut quidem est necessitatibus repellendus dolorem.', NULL, 1, '1988-09-03 03:04:38', '2001-11-30 07:44:38'),
(162, 62, 'Accusantium voluptatem ipsa totam excepturi adipisci.', 'Omnis ad soluta nam dolor dolor. Recusandae et quidem itaque nesciunt. Aut sit soluta sunt voluptas. Molestiae delectus est dolorem aut cupiditate ab nemo.', NULL, 0, '1999-03-27 11:00:53', '2015-11-04 01:45:34'),
(163, 63, 'Et accusamus quas consequatur similique eligendi.', 'Ex iste repellendus illum perspiciatis dolorem earum. Voluptatem est repellendus quibusdam blanditiis hic quas.', NULL, 0, '1996-05-19 15:36:17', '2016-02-13 01:35:51'),
(164, 64, 'Quos voluptatem sequi impedit veritatis et.', 'Voluptatem ut autem molestias numquam omnis. Reiciendis molestiae aut dolore dicta et hic alias. Cumque quas eos dolores tenetur beatae cumque.', NULL, 0, '1995-06-18 23:28:06', '1979-08-26 06:15:22'),
(165, 65, 'Et quo quis quia sint ut cum.', 'Consectetur laborum fugit quia dolores. Vel asperiores cum ut fugit illum iste autem. Excepturi et est nobis officia et quidem. Rerum voluptate explicabo saepe rerum ipsa sit.', NULL, 0, '1989-07-09 11:10:35', '2018-12-16 13:47:25'),
(166, 66, 'Voluptatem cupiditate dolorem ut cumque accusantium qui dolores.', 'Impedit accusantium tempora dignissimos ipsam. Commodi sed molestias est iste ut quo voluptatem. Ut sunt architecto nesciunt magni. Consequatur ipsum dicta vel consequatur.', NULL, 1, '1986-12-25 01:03:32', '1976-10-14 15:42:55'),
(167, 67, 'Repellat unde et eveniet praesentium eligendi repellendus voluptatem.', 'Vel culpa architecto vitae sequi qui expedita qui. Quis praesentium error perspiciatis voluptatibus velit optio veniam. Consequatur saepe enim voluptatem.', NULL, 1, '1997-05-25 06:48:15', '1981-04-24 16:21:12'),
(168, 68, 'Et officia ut error qui pariatur.', 'Ut quia modi et cum est magni. Beatae totam ut dolorem nihil laboriosam et. Natus dolor praesentium et ut dolorum.', NULL, 0, '1997-11-25 14:01:33', '2000-02-13 15:00:51'),
(169, 69, 'Perferendis hic nesciunt nobis dolore qui accusamus a.', 'Quasi accusamus a eos consectetur animi. Quis placeat aliquam id distinctio sint inventore maiores in. Modi illum saepe sit ratione facilis. Veniam nemo quis consequatur eos.', NULL, 1, '2012-04-17 08:22:43', '1993-10-14 02:25:12'),
(170, 70, 'Error officia est id reiciendis animi.', 'Eaque temporibus voluptatum ad accusantium aspernatur nam. Tenetur eaque laborum et ipsam. Necessitatibus temporibus nostrum sequi at voluptatibus.', NULL, 1, '1986-02-02 17:30:58', '2004-08-05 15:01:33'),
(171, 71, 'Ducimus blanditiis deserunt deserunt nihil molestiae omnis.', 'Id qui harum eos magni placeat incidunt delectus. Expedita sequi et quas numquam dolor alias omnis. Occaecati et et quasi totam nihil earum.', NULL, 0, '1996-11-09 02:48:11', '2000-12-05 12:25:44'),
(172, 72, 'Nostrum enim atque et veritatis sit corporis amet velit.', 'Nisi nostrum nihil labore est. Et in modi et. Ab aut et molestias expedita.', NULL, 0, '2021-04-30 23:21:29', '2002-04-12 10:23:32'),
(173, 73, 'Velit in blanditiis ratione odio inventore et aliquam necessitatibus.', 'Temporibus distinctio fugiat sit modi dolorem ut nam. Dolorum a debitis illo et cumque facere unde.', NULL, 1, '1987-04-06 06:46:58', '2012-05-22 08:46:01'),
(174, 74, 'Sit est voluptatem molestiae asperiores porro.', 'Repudiandae nam vel dolorem amet. Vel nemo rerum assumenda. Placeat vero ut doloribus recusandae magni officia. Ut alias similique eveniet odio deleniti sequi.', NULL, 1, '2011-01-24 05:05:55', '1980-03-09 07:31:12'),
(175, 75, 'Iusto est id at.', 'Voluptatem aut distinctio molestias aliquid architecto rerum. Eos amet aliquid possimus et nesciunt. Harum non eos impedit reiciendis voluptatem occaecati.', NULL, 1, '2001-06-04 22:38:25', '2006-11-07 17:15:54'),
(176, 76, 'Et veritatis impedit omnis fugit tempore sunt voluptatem.', 'Nam nisi sint voluptate sit tenetur qui aliquid. Iusto consequuntur cupiditate asperiores qui ipsum. Assumenda non corrupti dolore. Quo enim libero magnam eligendi.', NULL, 0, '1992-03-20 03:18:55', '1994-09-09 08:04:03'),
(177, 77, 'Consequatur repudiandae voluptatem nemo omnis.', 'Fugit veritatis fugit a quas expedita inventore ad. Excepturi unde quaerat maxime et. Et omnis repudiandae sit et repellat. Eaque perspiciatis laudantium qui distinctio dolore et laudantium eum.', NULL, 1, '2007-11-10 01:02:22', '1974-01-02 04:46:57'),
(178, 78, 'Repellendus voluptatem voluptatem corporis consequuntur culpa.', 'Aliquam id optio vitae aut sit quia nam. Aut vitae quia totam beatae sapiente a ut. Itaque accusantium consectetur labore error quidem. Et ab voluptate molestiae sed aspernatur ut.', NULL, 0, '2010-06-11 08:24:28', '1979-03-14 13:36:03'),
(179, 79, 'Nisi sit inventore facere consequatur esse qui quis.', 'Et asperiores quia repellendus magnam temporibus beatae. Non aut aut earum rerum ea quasi inventore. Minima et dolores vitae porro. Aut quo qui repellendus voluptas eum est.', NULL, 1, '2020-04-26 17:23:27', '1998-06-07 19:18:32'),
(180, 80, 'Sit maiores tenetur omnis.', 'Aliquam nesciunt voluptates enim consequuntur quibusdam et excepturi. Ut eum qui quis molestiae laborum qui. Eum fuga autem rerum alias est eius et. Consequatur saepe maiores nobis odit ullam dicta.', NULL, 0, '1994-02-24 05:51:30', '1995-09-08 08:44:38'),
(181, 81, 'Eaque ut magnam a illo nulla tempore.', 'Vel ut ad vel aut. Eveniet repudiandae eos fugiat nam.\nVoluptatem expedita aperiam beatae dignissimos. Et quo eligendi quia ipsam quo deleniti voluptatum. Dolor aut architecto accusamus sed nam cum.', NULL, 0, '2021-04-18 03:56:37', '1981-02-26 06:16:17'),
(182, 82, 'Asperiores qui expedita blanditiis dolores cum possimus.', 'Voluptatem possimus totam nobis corrupti quos. Modi et aut expedita quidem molestiae aut. Magnam autem et ab.', NULL, 0, '1978-06-22 17:44:18', '2021-06-08 21:39:23'),
(183, 83, 'Eligendi est unde ratione ipsum.', 'Molestiae facere sint aut et. Saepe magni necessitatibus error incidunt quia. Facere aperiam cum aut nobis.', NULL, 0, '1978-12-05 15:02:00', '1983-07-30 11:33:43'),
(184, 84, 'Nam ipsam eos ullam quae totam iusto aut.', 'Officia ut fugiat velit repellendus voluptatem rerum odio. Ullam velit voluptatibus sed quaerat nobis minima voluptatem eligendi.', NULL, 0, '2004-02-14 02:46:31', '2005-02-06 20:12:47'),
(185, 85, 'Expedita est id et asperiores consequatur.', 'Nulla officia illum quasi harum. Rerum sed dignissimos molestias culpa voluptas culpa. Doloremque porro quis nihil sunt. Temporibus voluptatem odio qui nobis consequatur delectus officia.', NULL, 0, '1995-12-14 07:41:40', '2018-10-01 13:04:35'),
(186, 86, 'Et suscipit nulla quos quis.', 'Natus nesciunt neque deleniti quia officiis cum porro illo. Porro velit et quibusdam eius corrupti molestias. Sed consequatur placeat illo aut soluta quasi.', NULL, 1, '2011-06-06 09:15:25', '1983-07-17 14:16:54'),
(187, 87, 'In itaque consequatur et qui vel.', 'Reprehenderit eum deserunt fuga officia. Cumque sint eius in porro omnis est. Voluptatem consequatur similique expedita id enim esse ut dolore. Neque quisquam eveniet consequatur excepturi.', NULL, 0, '2020-07-10 12:58:19', '1994-06-09 01:06:28');
INSERT INTO `blogs` (`id`, `author_id`, `title`, `content`, `feature_img`, `private`, `created_at`, `updated_at`) VALUES
(188, 88, 'Esse culpa aliquam ad consequatur deleniti ut iure dolor.', 'Est ullam quibusdam sed totam ut aut qui. Aperiam sint quia voluptas nemo. Accusantium eius fugiat quia quam nobis consequatur consequatur.', NULL, 1, '1995-06-14 15:02:48', '2008-04-08 11:08:22'),
(189, 89, 'Magni debitis sunt maiores nam.', 'Omnis consectetur temporibus mollitia eos nemo qui assumenda. Temporibus incidunt ab autem asperiores quisquam repellat. Beatae minima provident et esse.', NULL, 0, '2007-01-08 03:18:14', '1973-01-26 17:37:56'),
(190, 90, 'Harum error voluptas aut laboriosam et voluptatem.', 'Unde nulla est molestiae sit. Sunt quaerat sed soluta est aliquam ut enim sed. Dolorum nemo quaerat adipisci incidunt eum dolore et. Tenetur reprehenderit excepturi illum iure commodi quis quia quo.', NULL, 1, '2001-05-16 18:25:12', '2017-02-15 08:07:51'),
(191, 91, 'Provident accusamus iusto neque soluta.', 'Totam quasi voluptate eum quia quos aspernatur. Distinctio ad iure ad. Voluptate ea et iste omnis assumenda ut.', NULL, 0, '1984-08-05 02:33:08', '1970-09-15 03:23:38'),
(192, 92, 'Quis ipsum harum soluta et maxime.', 'Quos fugiat quia molestiae accusantium eveniet. Et aut totam vero et commodi. Voluptatibus amet ut nisi.', NULL, 1, '1988-06-21 09:16:23', '1985-03-29 08:17:04'),
(193, 93, 'Molestiae qui expedita aut earum adipisci ut mollitia.', 'Ullam omnis nesciunt non. Dignissimos incidunt et dolor nulla corrupti earum. Animi nobis sit quas quod autem expedita omnis.', NULL, 0, '1988-07-12 16:31:35', '2000-12-10 09:47:40'),
(194, 94, 'Suscipit deleniti quia sed est veritatis molestiae tempore.', 'Ut amet aut non nihil. Molestias deleniti consequatur doloremque. Delectus facilis similique a et debitis doloremque. Itaque voluptatem commodi cum ex et consequuntur dolores laudantium.', NULL, 0, '2013-07-21 11:17:55', '2021-09-14 12:34:13'),
(195, 95, 'Quam nihil assumenda et.', 'Accusamus amet enim debitis id accusantium. Numquam est optio eveniet culpa odio et temporibus. Aliquam praesentium et doloribus error ut quidem.', NULL, 0, '2008-10-18 23:40:06', '2001-06-26 18:17:17'),
(196, 96, 'Totam cumque cupiditate est dolorum.', 'Ducimus aut dignissimos architecto. Deserunt quam culpa vel hic.', NULL, 0, '2013-04-24 20:12:56', '1991-11-20 09:11:33'),
(197, 97, 'Quod distinctio quo ducimus qui in.', 'Velit et doloribus saepe reprehenderit earum. Voluptas sapiente ut ea magni. Et ex suscipit corrupti. Perferendis adipisci rerum ipsam. Qui omnis error dicta laudantium earum aspernatur aut delectus.', NULL, 0, '1985-11-04 16:22:24', '2015-04-24 02:01:47'),
(198, 98, 'Doloribus aliquid qui hic incidunt dolore architecto sed est.', 'Labore voluptas omnis reprehenderit voluptatem in blanditiis. Eos optio dicta dolore qui similique ut. Ut ea minus odit deserunt eligendi sed. Non aut non veritatis maiores.', NULL, 0, '1986-09-29 17:08:15', '1973-02-03 14:49:58'),
(199, 99, 'Nemo quia voluptatum quia necessitatibus deserunt.', 'Neque laudantium et tempore praesentium sint. Velit inventore sed delectus exercitationem incidunt voluptas. Aut ad libero praesentium voluptatibus a.', NULL, 0, '1981-06-15 16:54:03', '1990-11-09 14:10:28'),
(200, 100, 'Omnis rem et suscipit quo ullam totam dolor.', 'Facilis eius autem ullam molestias non. Et velit voluptatibus sit commodi ut. Aut vel tenetur porro provident.', NULL, 0, '2018-02-09 08:39:37', '2008-05-28 10:42:18'),
(201, 5, 'This is Test', 'I am testing opanion creator trigger', NULL, 0, '2022-11-09 11:48:32', NULL),
(202, 5, 'This is Test 2', 'I am testing opanion creator trigger', NULL, 0, '2022-11-09 11:51:15', NULL);

--
-- Triggers `blogs`
--
DELIMITER $$
CREATE TRIGGER `create_blog_openion_on_blog_insertion` AFTER INSERT ON `blogs` FOR EACH ROW begin

insert into blog_opinions(blog_id) values(new.id);
end
$$
DELIMITER ;
DELIMITER $$
CREATE TRIGGER `delete_blog_openion_on_blog_deletion` BEFORE DELETE ON `blogs` FOR EACH ROW begin

delete from blog_opinions where blog_id = old.id;

end
$$
DELIMITER ;

-- --------------------------------------------------------

--
-- Table structure for table `blog_opinions`
--

CREATE TABLE `blog_opinions` (
  `id` int(11) NOT NULL,
  `blog_id` int(11) DEFAULT NULL,
  `likes` int(11) DEFAULT 0,
  `dislikes` int(11) DEFAULT 0
) ENGINE=InnoDB DEFAULT CHARSET=utf8;

--
-- Dumping data for table `blog_opinions`
--

INSERT INTO `blog_opinions` (`id`, `blog_id`, `likes`, `dislikes`) VALUES
(1, 1, 1277, 963),
(2, 2, 74, 1025),
(3, 3, 2998, 2958),
(4, 4, 1944, 24),
(5, 5, 3899, 1037),
(6, 6, 625, 178),
(7, 7, 431, 1604),
(8, 8, 3832, 1910),
(9, 9, 2160, 2923),
(10, 10, 3895, 2490),
(11, 11, 4485, 1459),
(12, 12, 658, 2254),
(13, 13, 3325, 2384),
(14, 14, 3398, 1490),
(15, 15, 237, 2633),
(16, 16, 3584, 2954),
(17, 17, 4177, 1888),
(18, 18, 4285, 2537),
(19, 19, 4108, 502),
(20, 20, 4458, 727),
(21, 21, 2213, 100),
(22, 22, 1372, 502),
(23, 23, 3615, 1709),
(24, 24, 4650, 1475),
(25, 25, 4940, 865),
(26, 26, 114, 1622),
(27, 27, 1059, 470),
(28, 28, 4386, 826),
(29, 29, 1192, 1842),
(30, 30, 4271, 917),
(31, 31, 1288, 2923),
(32, 32, 4343, 1666),
(33, 33, 3158, 238),
(34, 34, 2029, 1888),
(35, 35, 3441, 1134),
(36, 36, 376, 1244),
(37, 37, 3217, 2316),
(38, 38, 27, 249),
(39, 39, 4730, 2278),
(40, 40, 3363, 2582),
(41, 41, 3101, 383),
(42, 42, 4683, 598),
(43, 43, 4842, 522),
(44, 44, 3196, 97),
(45, 45, 2176, 1793),
(46, 46, 1396, 1452),
(47, 47, 193, 1239),
(48, 48, 3951, 2313),
(49, 49, 3107, 1275),
(50, 50, 2401, 1228),
(51, 51, 407, 2434),
(52, 52, 879, 2286),
(53, 53, 4851, 395),
(54, 54, 2568, 2570),
(55, 55, 204, 1663),
(56, 56, 437, 2632),
(57, 57, 35, 1659),
(58, 58, 1244, 2451),
(59, 59, 36, 2992),
(60, 60, 2885, 759),
(61, 61, 4150, 1641),
(62, 62, 3253, 2745),
(63, 63, 1336, 2454),
(64, 64, 4169, 1603),
(65, 65, 2412, 21),
(66, 66, 1818, 2492),
(67, 67, 4089, 2482),
(68, 68, 918, 1082),
(69, 69, 622, 749),
(70, 70, 1593, 1159),
(71, 71, 3008, 1837),
(72, 72, 314, 2021),
(73, 73, 1764, 1555),
(74, 74, 1143, 465),
(75, 75, 2247, 2659),
(76, 76, 686, 1615),
(77, 77, 1200, 2608),
(78, 78, 120, 31),
(79, 79, 3443, 1199),
(80, 80, 4455, 2037),
(81, 81, 4799, 2344),
(82, 82, 75, 2998),
(83, 83, 230, 1429),
(84, 84, 4874, 2208),
(85, 85, 504, 576),
(86, 86, 2809, 1861),
(87, 87, 251, 1477),
(88, 88, 4582, 2672),
(89, 89, 4239, 74),
(90, 90, 4734, 2573),
(91, 91, 3754, 2183),
(92, 92, 4641, 2130),
(93, 93, 441, 1219),
(94, 94, 3655, 2329),
(95, 95, 4056, 2586),
(96, 96, 660, 829),
(97, 97, 4760, 875),
(98, 98, 2449, 1206),
(99, 99, 3607, 640),
(100, 100, 2216, 2162),
(101, 101, 3260, 2303),
(102, 102, 320, 2649),
(103, 103, 314, 2502),
(104, 104, 4873, 2164),
(105, 105, 2023, 183),
(106, 106, 1092, 325),
(107, 107, 1115, 1049),
(108, 108, 4685, 940),
(109, 109, 4636, 474),
(110, 110, 3897, 285),
(111, 111, 1255, 904),
(112, 112, 4353, 246),
(113, 113, 3582, 2561),
(114, 114, 2535, 1904),
(115, 115, 1465, 1857),
(116, 116, 342, 553),
(117, 117, 3645, 2516),
(118, 118, 3234, 445),
(119, 119, 4920, 809),
(120, 120, 3801, 29),
(121, 121, 180, 627),
(122, 122, 1012, 2524),
(123, 123, 2307, 2193),
(124, 124, 3482, 2546),
(125, 125, 2426, 1308),
(126, 126, 737, 2800),
(127, 127, 1379, 623),
(128, 128, 2243, 527),
(129, 129, 1142, 1199),
(130, 130, 969, 663),
(131, 131, 4488, 1149),
(132, 132, 3342, 470),
(133, 133, 313, 2147),
(134, 134, 2018, 2682),
(135, 135, 1807, 441),
(136, 136, 3988, 650),
(137, 137, 2137, 1479),
(138, 138, 2244, 1908),
(139, 139, 1878, 2930),
(140, 140, 2791, 1888),
(141, 141, 3355, 169),
(142, 142, 1832, 1414),
(143, 143, 3624, 939),
(144, 144, 471, 2810),
(145, 145, 1557, 196),
(146, 146, 665, 2772),
(147, 147, 4688, 490),
(148, 148, 841, 2114),
(149, 149, 1757, 198),
(150, 150, 2845, 2227),
(151, 151, 4354, 541),
(152, 152, 3593, 2613),
(153, 153, 2083, 1733),
(154, 154, 1218, 1703),
(155, 155, 971, 777),
(156, 156, 43, 1026),
(157, 157, 2530, 857),
(158, 158, 2747, 1245),
(159, 159, 2548, 203),
(160, 160, 3664, 1722),
(161, 161, 3044, 2317),
(162, 162, 1650, 764),
(163, 163, 4763, 93),
(164, 164, 1229, 497),
(165, 165, 3825, 632),
(166, 166, 673, 2199),
(167, 167, 2479, 1216),
(168, 168, 3739, 84),
(169, 169, 4060, 378),
(170, 170, 2943, 2230),
(171, 171, 3734, 2352),
(172, 172, 3518, 1978),
(173, 173, 1681, 1622),
(174, 174, 677, 1556),
(175, 175, 4191, 1369),
(176, 176, 4424, 509),
(177, 177, 3036, 2873),
(178, 178, 206, 1729),
(179, 179, 2135, 475),
(180, 180, 2776, 179),
(181, 181, 1159, 897),
(182, 182, 1134, 160),
(183, 183, 3483, 2103),
(184, 184, 271, 2231),
(185, 185, 533, 1630),
(186, 186, 3037, 2046),
(187, 187, 372, 855),
(188, 188, 982, 2663),
(189, 189, 230, 197),
(190, 190, 3148, 2149),
(191, 191, 491, 2696),
(192, 192, 207, 250),
(193, 193, 2482, 918),
(194, 194, 3631, 2052),
(195, 195, 593, 1987),
(196, 196, 1607, 1905),
(197, 197, 629, 600),
(198, 198, 2228, 1958),
(199, 199, 2002, 1264),
(200, 200, 1366, 1102);

-- --------------------------------------------------------

--
-- Table structure for table `comments`
--

CREATE TABLE `comments` (
  `id` int(11) NOT NULL,
  `parent_id` int(11) DEFAULT 0,
  `blog_id` int(11) NOT NULL,
  `reader_id` int(11) NOT NULL,
  `comment_content` text NOT NULL,
  `created_at` datetime DEFAULT current_timestamp()
) ENGINE=InnoDB DEFAULT CHARSET=utf8;

--
-- Dumping data for table `comments`
--

INSERT INTO `comments` (`id`, `parent_id`, `blog_id`, `reader_id`, `comment_content`, `created_at`) VALUES
(1, 44, 1, 1, 'Eum molestias reiciendis in fuga officia nisi dolorem qui. Quo atque et vel. Repellendus facere quia et quas architecto.', '1999-10-14 00:11:52'),
(2, 182, 2, 2, 'Ea nemo unde quidem id. Modi quaerat voluptatem illo laudantium voluptates perferendis maxime. Eligendi reiciendis adipisci molestias consectetur.', '2016-06-24 11:53:19'),
(3, 193, 3, 3, 'Sint id ea necessitatibus possimus cum provident excepturi. Sequi dolor accusantium at modi aut.', '2005-06-25 06:52:51'),
(4, 150, 4, 4, 'Sed quis et similique quod repudiandae ipsum. Consequatur adipisci ad enim alias velit. Quaerat amet amet cumque ut. Repudiandae quia sed dolores ut. A ut illo eos architecto.', '1980-05-06 07:43:26'),
(5, 83, 5, 5, 'Dicta sed voluptates laboriosam illum dolorum. Natus in officia atque. Est commodi fugiat excepturi aliquam molestiae recusandae et.', '2020-08-07 03:19:15'),
(6, 93, 6, 6, 'Quae ullam ipsa consequatur et maiores. Voluptas blanditiis laborum et porro ut velit. Iusto hic quia non.', '1974-01-10 00:47:39'),
(7, 106, 7, 7, 'Iusto corrupti consequuntur nulla rerum est aliquid. Sint aliquam et molestias asperiores qui illo amet est. Consequatur voluptas tempore aut laboriosam.', '2004-09-26 03:56:57'),
(8, 44, 8, 8, 'Similique quam quidem ut nam nobis. Iste dolorem voluptatibus consequatur suscipit animi nesciunt aliquam. Rem numquam ex maxime architecto. In praesentium non illum.', '1982-11-12 04:40:00'),
(9, 169, 9, 9, 'Sed accusamus sed accusantium cupiditate tempore quo ut. Sit in maiores qui sed magnam. Alias est eum sit iure beatae.', '2015-04-10 04:31:10'),
(10, 113, 10, 10, 'Tempora excepturi sunt veniam maiores. Recusandae ut nihil soluta quia quia dicta incidunt ut. Aliquid asperiores aliquid voluptas accusamus qui ab. Et beatae et nam in quasi ut voluptas. Vitae asperiores quos quia fuga sunt qui non.', '2015-05-12 11:35:08'),
(11, 48, 11, 11, 'Dolorem laboriosam dicta inventore veritatis aut dolores in. Et ab molestiae aut rem accusamus alias. Dolore cupiditate rerum consectetur provident sunt expedita.', '2022-03-20 08:20:32'),
(12, 53, 12, 12, 'Iusto aut odit in voluptatibus. Facilis modi aut aut quo in. Illum saepe corporis est itaque. Qui ut beatae molestias nihil. Cumque hic aut aut sed.', '1990-01-10 15:34:10'),
(13, 37, 13, 13, 'Dolor corrupti voluptatem et architecto quo. Corporis voluptate illum doloribus impedit voluptas. Omnis dignissimos ipsum quos. Accusamus vitae consequatur est voluptatem saepe qui.', '1970-10-04 22:06:22'),
(14, 157, 14, 14, 'Ea ut omnis velit adipisci ex. Voluptatem est id omnis aut. Autem ut repellendus ea aut. Qui omnis quibusdam animi dolores itaque cum error asperiores.', '1973-07-08 18:07:16'),
(15, 90, 15, 15, 'A omnis et accusantium nam mollitia sed. Facilis et et temporibus est suscipit dolorum quis maxime. Rem enim quas et sed enim. Rem est ea similique molestiae.', '2016-02-13 11:27:56'),
(16, 71, 16, 16, 'Corporis incidunt dicta quos sed. Aliquam et et quibusdam eum voluptatibus sunt. Illum autem possimus eos error.', '2011-10-08 09:29:34'),
(17, 172, 17, 17, 'Eligendi aut ipsam ut quia cupiditate numquam. At velit necessitatibus explicabo soluta nulla est. In incidunt ea aut hic dicta sunt veniam quis. Voluptates excepturi est molestiae sequi.', '1999-02-21 00:17:13'),
(18, 59, 18, 18, 'Non nemo ipsa dolorem quam maiores asperiores. Odit dolore error voluptas iure. Illum voluptates facere fugit exercitationem pariatur rerum et. Sint nesciunt nemo illo omnis mollitia.', '1974-01-18 01:39:06'),
(19, 157, 19, 19, 'Necessitatibus natus est alias veniam quo. Aliquam sint rerum in unde. Est dolorem dolores necessitatibus.', '1999-02-11 21:22:56'),
(20, 128, 20, 20, 'Nisi qui molestiae corrupti autem recusandae quam. Id excepturi sint labore modi.', '1993-02-19 17:03:55'),
(21, 198, 21, 21, 'Tempore est dignissimos et. Aspernatur et porro sit odit voluptatem vel similique. Culpa totam in non et.', '2007-04-27 19:50:43'),
(22, 78, 22, 22, 'Sed debitis est quis dolor exercitationem amet eum. Aut ut porro commodi aut similique. Iusto doloribus ex omnis.', '2003-06-16 23:46:11'),
(23, 80, 23, 23, 'Blanditiis et et dolore illo eius voluptas dignissimos est. Exercitationem est debitis rerum consequatur. Perspiciatis adipisci qui maxime deleniti aspernatur illo.', '1992-04-29 18:16:27'),
(24, 47, 24, 24, 'Rerum tenetur exercitationem illum nihil et ut. Quia nostrum eos deleniti itaque sed molestias molestiae. Nesciunt odio quo dolorem.', '1998-02-10 22:50:37'),
(25, 169, 25, 25, 'Nesciunt non velit commodi dolorem. Enim velit explicabo aut dolorum velit fugit. Ea dolor eos dicta architecto quidem ullam. Nam tempora quae quas accusamus repellat.', '2021-08-31 20:35:34'),
(26, 169, 26, 26, 'Atque soluta dolor ipsam nesciunt aperiam soluta asperiores sint. Voluptatibus omnis sequi iure dolore sit. Velit quod debitis natus repellat. Numquam velit ut facilis voluptates aut ea laboriosam.', '2021-07-15 08:52:53'),
(27, 83, 27, 27, 'Perspiciatis dolor aliquam et. Praesentium aspernatur dolore cumque sed ipsum laborum ipsa. Ipsam et ea reiciendis fuga consequuntur magni facere.', '2018-09-28 10:35:11'),
(28, 112, 28, 28, 'Quia in autem soluta. Et ad omnis rerum placeat. Non architecto blanditiis consequatur.', '1971-10-09 17:30:59'),
(29, 164, 29, 29, 'Quo recusandae voluptas et numquam corporis. Aut eligendi ut aut dolore ratione quaerat accusamus. Accusamus beatae sint enim dolores qui quaerat dignissimos. Veritatis quos sit ab id ratione corporis blanditiis inventore.', '1985-03-04 06:32:03'),
(30, 43, 30, 30, 'Rem doloribus ullam distinctio est velit veniam ut deserunt. Ut est aperiam odit ipsa quasi error sed. Eos libero ut expedita alias rerum. Quia ipsa quam architecto quia id unde qui. Et molestias cumque accusamus consequatur qui quibusdam alias adipisci.', '1983-03-24 10:21:44'),
(31, 184, 31, 31, 'Omnis voluptatum libero quis aut facilis incidunt numquam in. Vel ut ut accusamus est dolorem.', '2018-04-09 15:43:05'),
(32, 119, 32, 32, 'Dolor quas quis eos dolorum. Ducimus in quod dolorum quae quisquam aspernatur. Officia in voluptatum ipsa est dolorum aliquam repudiandae. Qui reiciendis rerum id architecto illum officia ut qui.', '1996-04-13 18:33:38'),
(33, 80, 33, 33, 'Nulla explicabo consequatur voluptatibus qui odio dignissimos soluta. Perspiciatis ex exercitationem eaque cupiditate. Quia sunt reiciendis aut.', '1984-06-24 14:55:45'),
(34, 123, 34, 34, 'Minima optio numquam corporis sunt nihil magni porro. Soluta rem omnis voluptatum iusto. Sapiente voluptates voluptate vel illum corrupti minima.', '1970-01-11 23:26:57'),
(35, 137, 35, 35, 'Occaecati ex nesciunt consequatur quia totam eum. Placeat voluptate ducimus adipisci voluptatem accusamus. Deleniti sed sit illum rerum et ipsum.', '1971-05-23 21:08:03'),
(36, 79, 36, 36, 'Ut ut sed assumenda occaecati soluta. Veritatis quia aut beatae consequuntur voluptas illo eum rerum. Qui quia provident facilis. Soluta non dolorem animi sequi amet fugiat sequi mollitia.', '1983-04-28 10:36:30'),
(37, 178, 37, 37, 'Consectetur placeat deleniti distinctio nobis. Ipsam distinctio omnis atque in. Repellendus et similique eos et. Dolorem quaerat veritatis ut earum.', '2011-04-18 15:43:08'),
(38, 197, 38, 38, 'Rem reiciendis error voluptatum consequatur molestiae at nostrum. Ducimus aut aperiam voluptas quo repellendus. Officia a dicta voluptates iure quia vero eos.', '1983-11-10 08:06:58'),
(39, 87, 39, 39, 'Nihil esse et voluptates sit illum. Nam aliquam amet quia in fugiat consequatur perferendis. Quam suscipit possimus provident quia est aut asperiores. Vitae nihil dicta voluptatum amet cum numquam veritatis.', '1998-06-14 22:51:40'),
(40, 43, 40, 40, 'Sed eum enim est sed provident consequatur omnis animi. Quis voluptas ut et quas enim consectetur nam. Dignissimos sunt in dolore sed.', '1971-12-14 00:57:15'),
(41, 183, 41, 41, 'A veniam autem expedita dolorem repellendus alias. Sapiente nisi totam possimus autem. Explicabo ullam aliquam dolore reprehenderit. Est voluptates non laboriosam et deserunt.', '2011-12-23 12:59:39'),
(42, 25, 42, 42, 'At aut qui non minima enim modi. Magni qui laudantium praesentium cupiditate eius. Accusamus suscipit aut minima repellendus. Qui deserunt dolores quasi delectus est accusamus.', '2010-03-26 17:54:19'),
(43, 80, 43, 43, 'Quod voluptatem quis eligendi dicta nemo consequatur. Dignissimos id possimus rem vel. In ut qui odio eos animi.', '2010-06-03 01:33:57'),
(44, 24, 44, 44, 'Sint nisi eum id non. Aut ratione quae expedita magni. Doloremque impedit inventore dolorem modi voluptas praesentium similique sit.', '2021-01-08 12:23:35'),
(45, 141, 45, 45, 'Enim aspernatur pariatur nemo et tempore et ipsum consequuntur. Similique aperiam nam qui iure numquam architecto aperiam. Autem adipisci qui et aut repellat esse consequatur repellat. Sit quis nostrum qui ullam id occaecati ad.', '1981-02-04 23:30:58'),
(46, 24, 46, 46, 'Laborum a minima aut quas aperiam vero. In quia id quia libero non. Doloremque provident dicta beatae eos ipsum est assumenda non. Autem dolorem atque sed occaecati.', '1975-04-09 06:59:01'),
(47, 80, 47, 47, 'Aspernatur velit sed molestiae omnis ut recusandae. Et perspiciatis sit modi et rerum sapiente dolore. Repudiandae voluptas ex quisquam aut ut expedita commodi.', '2009-05-19 23:01:24'),
(48, 15, 48, 48, 'Eum ut expedita odio ratione dolore cupiditate doloremque est. Rerum sunt deserunt qui tempora.', '1988-06-15 19:40:43'),
(49, 186, 49, 49, 'Voluptate quisquam est dolor quibusdam soluta minima sequi. Et et vitae repudiandae iste. Tenetur natus provident magnam omnis qui repellat repellat. Nisi accusantium ratione hic quam et quibusdam omnis.', '1978-07-17 18:38:26'),
(50, 161, 50, 50, 'Sunt ipsam consectetur nihil officiis et qui tempore tenetur. Quidem voluptas non neque modi dolorem sit. Et cupiditate iusto ducimus adipisci maiores tempora dolorum aut. Quos blanditiis repudiandae culpa ullam cupiditate nostrum.', '1986-04-18 16:45:14'),
(51, 14, 51, 51, 'Voluptas voluptatem sunt doloremque voluptatibus occaecati sint qui. Temporibus enim voluptatem beatae eum et voluptatem quisquam. Sit culpa architecto dolorum maxime.', '2005-12-21 20:14:37'),
(52, 5, 52, 52, 'Veritatis ratione ut magnam quam cum. Quae at tenetur ab veniam ad eum ex.', '2007-10-20 15:24:48'),
(53, 187, 53, 53, 'Similique iusto sed voluptas qui delectus. Facilis sapiente sit voluptates.', '1971-02-20 10:33:32'),
(54, 124, 54, 54, 'Consectetur voluptate autem facere aspernatur. Omnis facere pariatur voluptas adipisci. Dolor est perspiciatis earum quia et non. Nostrum a nisi ipsum eum voluptatem facere. Quia veritatis non consequatur error a.', '1994-11-12 00:26:02'),
(55, 178, 55, 55, 'Deleniti eligendi facilis atque doloremque dicta. Harum repellat magni consequatur enim doloribus a facere. Pariatur aut nisi facere qui soluta voluptate accusamus. Ipsam adipisci magni laborum et.', '2016-11-17 08:43:54'),
(56, 126, 56, 56, 'Totam unde ipsum consequuntur eum. Ipsam omnis tenetur cupiditate doloremque. Neque unde eligendi accusantium voluptatem.', '2003-01-16 18:09:16'),
(57, 46, 57, 57, 'Placeat dolorem error est veritatis. Omnis ipsam explicabo est sunt doloribus nostrum. Ullam exercitationem vero odit in facilis ducimus animi. Excepturi sed dicta omnis hic. Rerum nam recusandae rerum ut voluptatibus cum consequatur.', '1970-05-27 21:05:28'),
(58, 166, 58, 58, 'Pariatur praesentium quaerat ducimus quibusdam. Assumenda molestiae illum ut et. Adipisci aut velit earum architecto rerum enim. Recusandae aut reprehenderit eligendi qui consequatur est et.', '1997-12-23 03:32:41'),
(59, 29, 59, 59, 'Est assumenda eius iusto. Et hic fugit et sapiente a. Soluta quibusdam voluptatem autem. Quisquam et consequatur voluptate ab ipsam architecto dicta alias.', '1986-03-19 10:49:17'),
(60, 46, 60, 60, 'Minus veritatis dolorem aut omnis similique. Tenetur neque earum autem eum nulla nam mollitia nulla. Veritatis praesentium sequi et architecto ratione molestias voluptas sunt.', '2007-12-11 10:55:40'),
(61, 167, 61, 61, 'Aliquam et ipsam libero inventore saepe illum. Natus pariatur recusandae voluptas neque quos quia culpa. Maxime non perferendis rem. Necessitatibus rerum consectetur error consequatur. Delectus quia voluptatem nam quo dolor nesciunt et.', '1994-09-22 14:56:09'),
(62, 98, 62, 62, 'Esse omnis aspernatur omnis fuga nihil rerum sequi. Harum eum esse beatae veniam et id. Cum perspiciatis ipsum ut sed maiores. Fugiat numquam quae laboriosam voluptatibus in repellendus.', '2020-02-08 12:01:17'),
(63, 66, 63, 63, 'Perspiciatis deleniti eum ut. Ducimus sunt molestias qui. Aliquid possimus dolorem dolorem id sed quasi ex at. Quis rerum impedit fugiat asperiores itaque.', '1973-02-08 14:40:31'),
(64, 9, 64, 64, 'Voluptatum porro aut et ut et aliquam ab. Aspernatur facilis provident deserunt perspiciatis in eveniet cupiditate. Ut aut sapiente ex est labore soluta.', '1988-06-10 03:09:18'),
(65, 200, 65, 65, 'Consectetur pariatur non incidunt et tempore repellendus error. Quidem enim dolorum dolorem qui.', '2005-03-15 08:59:40'),
(66, 50, 66, 66, 'Quisquam nemo a ut corporis ipsa. Earum ducimus quia numquam iste qui. Illum sit voluptatem voluptatem illum. Maxime nihil voluptatem veniam odit.', '1996-11-15 03:53:12'),
(67, 191, 67, 67, 'Minima et officia dolorem odit quisquam odio eveniet. Rerum tempore nesciunt reprehenderit sed ratione. Distinctio perferendis eaque illum autem. Est repellendus dolore beatae dicta quaerat autem rerum quae.', '1998-11-25 21:12:56'),
(68, 153, 68, 68, 'Rerum ut doloribus ea amet quis saepe et. Sunt explicabo aspernatur fugiat quia eos iure. Rerum sed qui inventore atque in quasi ratione ea.', '1993-04-10 23:39:56'),
(69, 173, 69, 69, 'Asperiores labore nostrum tempore dolores eos recusandae. Velit voluptatibus aliquid quia qui. Consectetur esse saepe et esse.', '1990-07-04 04:40:13'),
(70, 172, 70, 70, 'Quia mollitia quo dolorem. Possimus et soluta quis debitis nulla perspiciatis et. Harum amet voluptatem temporibus omnis.', '2007-11-10 23:12:39'),
(71, 133, 71, 71, 'Suscipit molestiae et voluptas assumenda. Vel velit quibusdam sed labore. Magni explicabo itaque perferendis molestiae porro. Ratione aut placeat praesentium qui explicabo nesciunt dolorum ratione. Et est nam voluptates sit.', '1993-02-19 20:12:31'),
(72, 95, 72, 72, 'Error enim voluptatum qui error perspiciatis vel. Nihil earum illum eaque necessitatibus velit commodi voluptatem. Consequatur soluta et minus nostrum omnis dolor. Minima corporis velit nobis porro.', '1975-07-31 05:15:36'),
(73, 101, 73, 73, 'Voluptate possimus dolorem neque id facilis vitae aut. Dolores et id in maiores itaque velit. Delectus aliquam aperiam nostrum quidem. Eum ratione omnis rerum quo dolores ipsum.', '2010-02-11 21:50:00'),
(74, 178, 74, 74, 'Non mollitia est assumenda ut et eaque. Quia ipsa aut cupiditate dolor. Ut voluptates consequatur eos excepturi explicabo.', '1970-03-09 04:16:00'),
(75, 165, 75, 75, 'Ipsam fugiat beatae maiores voluptatem. Eum temporibus autem nihil temporibus adipisci sunt. Harum omnis reprehenderit ut ipsam velit explicabo.', '1985-05-31 12:57:25'),
(76, 59, 76, 76, 'Ratione necessitatibus quasi quia est. Ipsam vel modi natus rerum vero deleniti. Voluptas repudiandae aut sequi exercitationem repudiandae. Recusandae unde doloremque commodi voluptas doloremque.', '1989-12-12 02:20:09'),
(77, 127, 77, 77, 'Est incidunt in error voluptatem soluta aperiam enim. Laborum asperiores sed at sit sequi laudantium eius odit. Aspernatur fuga et optio sit natus. Est voluptatibus sit nostrum ea eius sunt veritatis.', '1970-01-14 19:34:12'),
(78, 23, 78, 78, 'Et tempora eius dolorem omnis delectus. Et in quo placeat rerum.', '2004-02-21 02:51:09'),
(79, 36, 79, 79, 'Laborum voluptatum qui et qui. Nobis sit ducimus ducimus deleniti tempore vel.', '1984-07-03 10:21:25'),
(80, 107, 80, 80, 'Ratione occaecati officia eos fuga dolorem in expedita. Harum voluptates eos dignissimos similique. Repudiandae ullam perferendis perferendis excepturi.', '1995-05-13 21:56:40'),
(81, 123, 81, 81, 'Libero deleniti fuga impedit ut doloribus et adipisci. Sequi illo quia dignissimos neque fuga.', '1987-07-21 13:36:35'),
(82, 85, 82, 82, 'Beatae commodi alias veritatis officia doloribus dignissimos sit quia. Nihil rerum vel aspernatur. Qui quas rerum est nihil illo. Nostrum sit placeat nam quis.', '2008-09-08 22:13:54'),
(83, 80, 83, 83, 'Sint dolorum est eveniet et iste ipsa laudantium. Et alias dolorem ratione porro deleniti ut dignissimos. Distinctio et quod magnam aliquam rerum. Amet ut et quod voluptatibus accusamus rerum.', '1988-06-07 14:47:43'),
(84, 59, 84, 84, 'Omnis et quia suscipit est expedita est. Et blanditiis ratione cumque rerum molestiae. Voluptatem quia nemo nihil doloribus. Expedita et aliquid aperiam molestiae.', '2016-08-01 02:55:36'),
(85, 50, 85, 85, 'A deserunt porro sunt illum recusandae. Et sapiente quo mollitia reiciendis ea molestiae aliquid. Est deserunt sunt cum voluptatum fugit minima. Quod nobis ut asperiores animi hic quam.', '1971-12-06 17:05:31'),
(86, 104, 86, 86, 'Voluptate error deleniti vero. Et nihil eum vero et sit iure. Dolores fuga laborum eum id repellendus vitae iure distinctio.', '2006-02-08 09:25:55'),
(87, 6, 87, 87, 'Eos tempore est amet ea repellat delectus reiciendis. Corporis ducimus sunt quasi repellat vel corporis error. Et recusandae numquam pariatur nulla et consequatur.', '1988-10-15 16:28:07'),
(88, 55, 88, 88, 'Dolore nihil doloremque rerum culpa doloremque deleniti. Sit non omnis tenetur ut laboriosam laboriosam vel. Magnam id modi alias nulla minima.', '1982-01-26 19:12:50'),
(89, 68, 89, 89, 'Adipisci aut deserunt esse earum dolore corporis. Est fugiat adipisci eos repudiandae eos. Libero sequi quasi earum qui consequatur aut id. Id debitis qui sequi dignissimos.', '2022-10-18 08:34:54'),
(90, 62, 90, 90, 'Quam et similique officiis. Aut deleniti quidem repellendus laudantium molestias itaque omnis assumenda. Quaerat autem pariatur illo voluptatum voluptas atque unde.', '2001-01-12 08:20:53'),
(91, 46, 91, 91, 'Vel magni consequatur vitae. Quibusdam repudiandae placeat dignissimos magnam iste qui aperiam. Illo eos rerum quod et consequatur neque sed.', '2022-07-31 06:53:35'),
(92, 121, 92, 92, 'Natus qui molestiae quaerat nisi. Eaque alias occaecati placeat aut. Dolor consequatur officiis voluptate necessitatibus voluptas et expedita ab. Rerum harum ea et quasi eveniet.', '2015-07-02 21:27:08'),
(93, 168, 93, 93, 'Numquam et itaque velit et et esse. Nostrum quos odit aliquam sapiente id. Velit placeat qui expedita rerum repudiandae vitae officia. Sint architecto est animi qui illum.', '1971-08-05 23:25:03'),
(94, 43, 94, 94, 'Qui quo eos perferendis voluptatum molestias. Recusandae dolorem suscipit officia odio unde sint. Laborum repellendus quaerat repellendus tempore. Velit distinctio mollitia omnis ex enim. Illum id vel enim.', '2015-07-13 20:09:14'),
(95, 51, 95, 95, 'Eaque sit sapiente nesciunt cupiditate sed. Totam error incidunt voluptas placeat illum doloremque natus dignissimos. Voluptatem sed beatae tenetur.', '1971-04-13 13:19:01'),
(96, 9, 96, 96, 'Ut iusto a qui dicta qui. Omnis aliquid pariatur recusandae harum iusto molestiae. Fugit quis quibusdam alias dolor aut minima. Dicta sint nihil vero dolor dolorem voluptatem facilis sunt.', '2012-10-24 21:11:18'),
(97, 65, 97, 97, 'Culpa molestiae ut et aliquid occaecati neque. Quia repellendus officiis eius eum et. Magnam facilis laborum explicabo in.', '1975-03-06 20:42:43'),
(98, 142, 98, 98, 'Nisi ea officiis aspernatur eos molestiae vero quas doloremque. Alias dolorem sed vitae est quam suscipit. Rerum delectus aut minima totam exercitationem.', '1993-03-14 14:28:35'),
(99, 136, 99, 99, 'Similique ut est assumenda aliquam quidem vel quibusdam. Praesentium consectetur beatae eligendi error sint et. Ut et qui sint ex vitae quisquam ratione.', '2008-10-04 02:38:01'),
(100, 197, 100, 100, 'Et earum aliquam quia est soluta. Repudiandae voluptatem ut in eum optio dolorum ea. Asperiores qui aliquid optio ea at sunt nesciunt tempore.', '1991-08-05 13:42:52'),
(101, 162, 101, 101, 'Tenetur maxime voluptas illum commodi voluptatem pariatur quibusdam. Omnis architecto aut necessitatibus doloribus. Eos voluptatem vitae quod inventore labore.', '1973-05-31 02:47:32'),
(102, 46, 102, 102, 'Eum architecto et doloremque. Aut dolore magnam id dolores ab. Et omnis et dolore suscipit officia nisi laborum. Aut non harum facere.', '1972-08-25 00:34:20'),
(103, 91, 103, 103, 'Quod natus dolores quisquam voluptatem repellendus dolorum id. Error reiciendis autem quia nostrum aut quidem et ipsam. Tempora iste nisi minus quo omnis optio. Est aut maiores porro sunt aut mollitia.', '2004-09-28 01:44:11'),
(104, 38, 104, 104, 'In nulla mollitia at dolor dignissimos. Assumenda quia cupiditate qui quibusdam ea iste sunt necessitatibus. Est non doloremque doloremque autem voluptatem vitae quo. Cum expedita libero eius aut quis voluptatem.', '1994-10-11 11:15:28'),
(105, 82, 105, 105, 'Recusandae odio magnam ut maiores. Omnis ipsa quod quia impedit. Non nihil id quia atque dolorem praesentium. Voluptatem fuga omnis aut eaque.', '1987-04-23 19:13:53'),
(106, 129, 106, 106, 'Vitae qui eos ipsum corrupti laboriosam. Ea quia enim quae et. Temporibus occaecati ut minima nemo iste illo omnis.', '2020-02-06 10:30:03'),
(107, 4, 107, 107, 'Et voluptas qui laborum qui quia est excepturi. Repellendus modi sequi labore est.', '2013-06-26 12:05:35'),
(108, 26, 108, 108, 'Officia ipsum rerum rem autem quibusdam eos. Hic molestiae quasi modi pariatur. Qui nihil aut assumenda voluptas magni fugit. Doloribus expedita voluptatum temporibus voluptas sit ea. Unde ut ut sint consequuntur ad adipisci nam.', '2014-10-28 01:48:09'),
(109, 25, 109, 109, 'Debitis ratione sunt vel ea praesentium accusantium. Quidem aut commodi illum quibusdam perferendis. Quia sunt dolor necessitatibus nobis adipisci.', '1996-08-09 12:30:57'),
(110, 59, 110, 110, 'Ipsum voluptate eius et aliquam minus molestiae non. Perferendis ullam repudiandae aut aut. Ut id quam est et occaecati. Aspernatur reiciendis quia id voluptates dolorum laudantium delectus.', '1990-09-02 11:16:14'),
(111, 144, 111, 111, 'Non ut provident ut et eveniet. Incidunt molestias excepturi numquam dicta rerum quo.', '2021-04-07 21:20:27'),
(112, 37, 112, 112, 'Qui alias facere maiores ut voluptates. Dolore qui deleniti facilis molestiae itaque ad. Fugiat nam consectetur ut minus odio ut autem et. Est aliquid ex eum nostrum qui.', '1991-04-19 16:16:51'),
(113, 87, 113, 113, 'Illo laboriosam cum architecto sed aliquam. Magnam qui praesentium et omnis explicabo. Placeat recusandae architecto nesciunt consectetur.', '2012-02-26 03:49:53'),
(114, 152, 114, 114, 'Voluptatibus et ut et et. Aut facere repudiandae iste eius quaerat tempore debitis. Et molestiae placeat dignissimos nam doloremque alias fuga ratione.', '1975-09-19 05:17:48'),
(115, 63, 115, 115, 'Qui tenetur esse cupiditate. Excepturi itaque aut reprehenderit ab rerum aut.', '1989-03-11 17:53:36'),
(116, 49, 116, 116, 'Minus sed accusantium iste omnis. Odit accusantium rem voluptatem sed dolores necessitatibus nihil. Ipsa rerum excepturi laborum itaque dolorum nulla minus.', '1975-03-28 20:08:43'),
(117, 127, 117, 117, 'Qui aliquam qui dolorum porro asperiores voluptas. Officiis vel adipisci enim quasi. Amet suscipit id inventore sunt omnis dolorem. Iusto rem delectus ut.', '2016-09-30 12:13:36'),
(118, 67, 118, 118, 'Laborum molestiae praesentium officiis voluptas consectetur. Quas qui labore fuga exercitationem aut mollitia accusantium. Quia earum repellat ad ipsum ex. Ipsa libero odit beatae sed voluptas.', '1976-03-22 21:20:45'),
(119, 104, 119, 119, 'Aperiam asperiores rerum facilis rerum aut nam harum. Non quidem in ex. Impedit quod veritatis natus neque nobis.', '2017-08-12 19:03:06'),
(120, 115, 120, 120, 'Sit veniam quasi vitae minima. Laborum et modi omnis doloremque quia iste aut dignissimos. Omnis omnis sed quisquam praesentium corporis. Et laborum sint error et neque eum eum.', '1976-07-29 07:36:50'),
(121, 11, 121, 121, 'Ipsam aliquam qui voluptatem eos sed excepturi. Dolor ut placeat velit atque ut ad. Et ea culpa in voluptatem earum autem sapiente.', '1977-01-04 01:35:52'),
(122, 15, 122, 122, 'Dolorem sed quia laborum ut fugiat laborum. In ab et vel perferendis voluptatem recusandae. Tenetur iste earum consectetur occaecati numquam assumenda officiis. Quisquam fuga perferendis tempora similique et.', '2004-03-30 21:27:28'),
(123, 2, 123, 123, 'Error illum rerum expedita voluptatem id inventore tenetur ipsum. Facilis in asperiores totam nihil consectetur. Et tempora aliquam ea vero ut blanditiis aut.', '2010-07-29 04:07:44'),
(124, 57, 124, 124, 'Necessitatibus dolorum id perspiciatis non temporibus est. Sit quisquam minima eveniet non hic sapiente sit. Voluptate inventore voluptas illo exercitationem. Esse aut culpa dolorem ut neque accusantium.', '2011-05-03 08:15:37'),
(125, 184, 125, 125, 'Vel mollitia sed autem qui. Rerum quasi voluptatem consequatur incidunt sed illo aut pariatur. Accusantium labore quae necessitatibus placeat non enim.', '1990-06-10 07:32:47'),
(126, 4, 126, 126, 'Odio et suscipit aliquam et dolorem sit eligendi. Necessitatibus culpa odit ut amet cumque sint. Provident libero adipisci laborum ut architecto ad sint.', '1987-01-26 17:52:20'),
(127, 88, 127, 127, 'Omnis et non maiores dolore enim dolorum. Qui voluptatem natus temporibus odit. Et voluptatem et nesciunt debitis neque corporis temporibus.', '2004-12-11 12:22:55'),
(128, 25, 128, 128, 'Voluptate sequi ipsum eum molestiae maxime dicta. Dolorem et distinctio quas et quia illum vel. Pariatur magnam consequatur voluptatem ut eum. Delectus aut consequatur ut facere ullam.', '2002-10-09 17:31:47'),
(129, 38, 129, 129, 'Ex incidunt voluptatem iste asperiores et voluptas. Quisquam magnam impedit delectus at dolor sit. Provident natus aut omnis facilis a. Omnis delectus excepturi hic non voluptatem vitae.', '1980-07-08 21:29:29'),
(130, 159, 130, 130, 'Quisquam repellat eaque nulla rerum asperiores. Ut dolorum aliquam et voluptas porro quisquam. Sequi a dolor dolorum laboriosam enim. Ad laborum necessitatibus voluptas autem. Eligendi vitae eveniet sunt perferendis voluptatibus incidunt.', '2020-09-07 11:31:39'),
(131, 76, 131, 131, 'Error corrupti quasi atque reprehenderit eum suscipit amet. Placeat dolor occaecati ipsam deserunt atque sed. Doloribus exercitationem explicabo beatae numquam. Culpa sit et ut et.', '2022-01-29 23:19:22'),
(132, 185, 132, 132, 'Nam non iste suscipit dolore debitis maxime sed. Incidunt fugit qui recusandae vero est fuga quidem. Corporis est qui alias nisi voluptas. Quod est fuga qui qui veritatis ut.', '2020-08-28 21:49:48'),
(133, 8, 133, 133, 'Ad aut quos natus aliquam provident quibusdam. Sit officiis dolorem quidem. Pariatur ducimus et velit at ad maxime nisi.', '1994-02-10 10:30:38'),
(134, 37, 134, 134, 'Quia ut molestiae nobis laborum nesciunt nesciunt voluptas voluptatem. Consequatur ut rem omnis impedit sit. Ipsa earum inventore aspernatur ea in. Fugiat incidunt doloribus est iure rerum id.', '1991-05-10 03:04:51'),
(135, 72, 135, 135, 'Labore et temporibus et est reprehenderit quia occaecati doloremque. Ullam unde vero sed ex et aut sit magnam. Quod ex molestiae reiciendis voluptatum quia quo quibusdam. Et deleniti excepturi est non nihil et.', '2010-03-23 13:15:07'),
(136, 23, 136, 136, 'Quisquam ut cum illo eius ut dolorum. Itaque illum est ad necessitatibus eaque ut ea aperiam. Aut et suscipit consequuntur asperiores assumenda asperiores voluptatum.', '1987-08-14 12:21:29'),
(137, 15, 137, 137, 'Velit perferendis repellat explicabo itaque. Et reiciendis est et animi deserunt. Debitis et debitis voluptatem magni voluptatum qui qui.', '2003-04-05 11:54:47'),
(138, 67, 138, 138, 'Ea ullam non doloremque accusamus. Ipsam dolore officiis nemo quaerat modi ex. Accusamus quod voluptates harum qui. Sit voluptatem soluta et et officia nemo.', '2005-11-11 21:51:41'),
(139, 119, 139, 139, 'Dolore necessitatibus at doloremque minus explicabo est. Ut sint a dolorem iure. Amet sit et in consequatur quisquam illum et unde. Inventore accusantium voluptas veniam eum consequatur repellendus.', '1999-08-06 23:45:50'),
(140, 174, 140, 140, 'Suscipit ut nisi tempora sint cumque autem nulla. Facilis nulla quae ut enim porro voluptatibus. Explicabo omnis quo saepe odio similique blanditiis molestiae.', '2017-05-25 20:19:09'),
(141, 192, 141, 141, 'Non sed voluptate sit ipsum quaerat eos. Voluptatem rerum commodi et et vitae omnis est. Sint aut id perspiciatis voluptatem eum quisquam.', '1999-05-12 18:19:33'),
(142, 37, 142, 142, 'Quibusdam molestiae ea similique qui sed ad. Exercitationem quisquam sed facilis fuga fugit et labore maiores. Illum dolor nemo ut cupiditate voluptas aut quaerat. Ea expedita iure temporibus.', '2010-02-01 01:28:28'),
(143, 87, 143, 143, 'Dolores reprehenderit iusto dolor soluta illum ratione dicta. Tempora et ea inventore. Voluptas voluptas delectus rerum. A dolores architecto sint veniam. A sit placeat perferendis velit nesciunt autem maiores.', '1980-11-29 22:27:54'),
(144, 173, 144, 144, 'Eos ut et laborum. Vel ducimus facere sunt voluptatibus exercitationem. Dignissimos quaerat ut voluptas quaerat repudiandae. Quas fuga placeat neque ipsa iure facere. Magni itaque quam velit laborum perspiciatis nostrum enim id.', '1981-02-01 08:48:53'),
(145, 49, 145, 145, 'Repudiandae facilis ut accusantium. Explicabo quam et ut itaque repellendus a velit. Aut accusantium id et hic eos consectetur officia.', '1977-01-13 17:14:01'),
(146, 47, 146, 146, 'Sed reprehenderit aliquid minus omnis omnis. Ea odit exercitationem id vero dolor ea aut. Soluta quia est aperiam dolor hic omnis sunt.', '1976-02-26 01:16:52'),
(147, 54, 147, 147, 'Fugit aliquam maiores in libero velit quidem corporis. Nostrum veritatis repellendus magni nihil illum et. Nihil magni ea accusantium temporibus. Earum ipsam sit illo.', '1991-10-02 19:47:14'),
(148, 70, 148, 148, 'Aut tempora eius sequi. Expedita molestias aut vel dolor autem ex porro consequatur. Sunt deleniti nisi fugiat non molestiae est ea. Et voluptatem cum omnis rem et itaque ipsa.', '1996-04-29 04:20:55'),
(149, 48, 149, 149, 'Vel eveniet soluta molestiae vel magni. Molestiae in autem rerum. A perspiciatis aut quia sapiente in temporibus.', '2007-09-14 01:18:36'),
(150, 196, 150, 150, 'Suscipit eligendi fugiat laudantium distinctio incidunt natus non natus. Sunt qui delectus et in voluptatem.', '2020-03-19 12:37:19'),
(151, 137, 151, 151, 'Ad voluptatum corporis vero sapiente. Dolorem accusamus rerum labore itaque illum et. Qui voluptatem quas sapiente. Exercitationem ducimus corrupti quae odit mollitia maxime animi.', '2012-07-28 07:03:52'),
(152, 103, 152, 152, 'Modi doloribus quos sed aut corrupti iusto. Pariatur impedit sed ut enim nemo. Temporibus deleniti doloremque aut rerum. Ullam rerum perspiciatis adipisci magnam.', '2003-03-26 22:50:42'),
(153, 178, 153, 153, 'Ratione dolor incidunt asperiores non qui. Nihil aut eos exercitationem repudiandae numquam dolorum. Ipsam perferendis soluta velit deleniti perferendis.', '1980-04-10 00:26:41'),
(154, 102, 154, 154, 'Accusantium eum et ut eveniet quisquam. Voluptas doloribus omnis et placeat quas. Aliquid sed corrupti maxime quia velit officiis sint. Modi porro sit accusamus doloribus.', '1984-03-05 09:49:20'),
(155, 55, 155, 155, 'Consequatur dolor quis qui nisi cumque corporis. Ut quis ipsa itaque aliquam facere ratione.', '1986-12-27 16:35:46'),
(156, 105, 156, 156, 'Minima facere sed non hic saepe quasi. Nesciunt et repudiandae tempora odit aliquam. Est laudantium explicabo ea quae vel.', '1999-01-19 16:03:12'),
(157, 149, 157, 157, 'Debitis qui cupiditate quos tempora aliquid ut. Dolores ea est non aut. Est facilis non id qui minus ut dolorum.', '1988-11-15 11:47:36'),
(158, 193, 158, 158, 'Veniam et qui quia vel maiores autem et repudiandae. Asperiores voluptates omnis aliquid nisi temporibus incidunt. Qui aspernatur recusandae saepe. Nulla quaerat corrupti aliquam omnis ut quisquam.', '2003-11-19 14:50:45'),
(159, 74, 159, 159, 'Vitae hic et voluptates ex odit. Possimus iste aperiam rerum ipsa. Reiciendis doloremque facere voluptatem a maiores natus. Tempora in harum alias qui.', '2015-03-11 00:29:27'),
(160, 107, 160, 160, 'Quo molestiae aut distinctio et rerum placeat enim. Assumenda et ea eligendi et quae rerum temporibus repellat. Officia aut ut quas voluptatum labore ullam beatae. Aperiam libero magnam facere et.', '1983-10-17 14:09:34'),
(161, 100, 161, 161, 'Mollitia delectus vitae dolor quasi quas. Doloremque aut et asperiores nostrum qui qui qui.', '2006-04-10 17:43:22'),
(162, 26, 162, 162, 'Delectus pariatur et reiciendis ea. Corrupti in consequuntur est sit fugit nam labore optio. Ut quia quibusdam dolor ullam pariatur. Et sunt illum et eos blanditiis accusantium.', '2011-07-04 08:39:46'),
(163, 62, 163, 163, 'Non laudantium sequi voluptas. Voluptatem accusantium et minus sed. Eos error nisi asperiores numquam consequuntur voluptatem.', '2012-09-08 03:41:03'),
(164, 38, 164, 164, 'Corporis sint facere in quia velit. Sunt et eius maiores dicta. Voluptatum ea nemo asperiores ut. Deleniti error eius saepe rerum similique eum recusandae.', '1990-03-15 11:19:45'),
(165, 163, 165, 165, 'Et voluptatem dolores voluptatem non sed velit. Ut voluptatem est accusamus qui expedita sunt. Eos illum earum necessitatibus quia corporis. Quam explicabo a cum ut ipsum aut.', '1999-12-09 15:23:51'),
(166, 127, 166, 166, 'Doloribus nostrum doloribus quis deserunt. Occaecati veniam quia iste aliquam consequatur. Ut porro totam id doloribus est. Corrupti laudantium repellendus suscipit alias molestiae voluptatibus.', '1998-06-21 13:14:36'),
(167, 173, 167, 167, 'Corporis ut consequatur rerum sed. Eius eaque eos est nesciunt voluptas quis. Quaerat quia sit recusandae porro aut qui quia. Voluptate commodi perspiciatis laudantium autem enim in et.', '1979-11-11 14:51:31'),
(168, 73, 168, 168, 'Harum saepe qui aliquam esse. Voluptatem rem quis voluptatem sequi nisi. Provident velit reiciendis non voluptatem dolorem quae itaque. Quibusdam dolor dolor quos exercitationem aut officiis. Ad asperiores incidunt reprehenderit quam quo at.', '2022-04-29 16:55:59'),
(169, 119, 169, 169, 'Et neque nobis quo ipsa. Nobis cum dolore quasi tempora iusto et. Ut dicta culpa magni blanditiis.', '2020-01-31 13:36:07'),
(170, 85, 170, 170, 'Sit illo quia consequatur iste dolor consequuntur. Ipsum debitis hic perspiciatis nostrum aut porro ad. Iste natus est quo.', '2009-07-02 10:18:35'),
(171, 141, 171, 171, 'Quisquam quasi nihil fuga. Dolorum placeat ducimus est facilis. Quia tempore quis itaque enim repellat. Et consectetur tempora voluptatem et ullam exercitationem ut.', '1985-05-20 11:16:50'),
(172, 101, 172, 172, 'Qui explicabo dolores inventore perspiciatis iste deleniti quia. Earum recusandae nihil totam natus omnis molestiae. Voluptas earum natus mollitia in. Voluptas vitae iste aut dolor praesentium ut incidunt hic. Neque itaque recusandae dignissimos repellat et alias consequatur.', '1973-03-24 23:55:07'),
(173, 96, 173, 173, 'Quibusdam et tenetur minima repellendus dolore ut voluptatibus. Sit corrupti nobis porro sed ea optio. Dolor voluptas qui dolor sit quis sed ut. Et dolorem praesentium ad asperiores quaerat nostrum libero. Blanditiis consequatur laborum et quod atque nihil.', '2017-08-11 07:07:39'),
(174, 136, 174, 174, 'Voluptatum voluptates in et sint beatae voluptates quia neque. Corrupti voluptatibus veritatis asperiores eaque tempore fuga et. Sunt rerum facere doloribus beatae sequi et enim.', '2001-08-14 22:01:45'),
(175, 139, 175, 175, 'Nihil consectetur voluptatibus cumque ullam et iste vel id. Consequatur iure et et assumenda recusandae ut non. Id ipsam impedit nesciunt facilis porro libero atque aspernatur.', '2006-05-16 11:29:50'),
(176, 39, 176, 176, 'Nostrum atque et consequatur eos minima. Assumenda ut velit ea laborum. Voluptatem omnis ratione eum dicta iure dolores voluptas ex. Harum distinctio dicta eos vel rerum veritatis debitis.', '1994-06-15 05:20:47'),
(177, 78, 177, 177, 'Dolor numquam et quos omnis. Repellat non autem tempore molestias non. Id quasi a iste occaecati aut at aut.', '1998-07-13 17:17:18'),
(178, 154, 178, 178, 'Magni sit fugit est doloremque non. Consequatur culpa consequatur voluptas dolorem vel id totam. Aperiam aut quo qui soluta rerum tenetur architecto. Numquam et qui numquam magnam consequatur deleniti eos ullam.', '1980-12-24 22:47:52'),
(179, 115, 179, 179, 'Eum voluptates quasi omnis est. Temporibus aspernatur quidem hic nisi odio. Culpa quis unde accusantium.', '2015-12-20 00:35:53'),
(180, 92, 180, 180, 'Dolores adipisci eaque aut aspernatur suscipit. Explicabo velit maxime magni ea quia id rerum eligendi. Rerum culpa enim sed earum iure incidunt. Odio rem autem ut adipisci.', '2011-10-22 02:37:13'),
(181, 193, 181, 181, 'Dolores tenetur ea ipsam molestiae aperiam ut aliquid. Omnis quaerat esse modi ipsam mollitia.', '1987-02-17 14:41:13'),
(182, 138, 182, 182, 'Natus aut sit sed aut magnam. Praesentium quod dolores fuga non consequuntur. Cum soluta voluptatem officiis harum sit qui blanditiis. Est tempore sit qui reiciendis.', '1986-08-02 21:39:05'),
(183, 78, 183, 183, 'Amet rerum exercitationem blanditiis ab et dolores et delectus. Sunt eaque omnis reprehenderit dolor modi aut. Quae dolores occaecati facilis architecto voluptates. Molestiae et eos excepturi sed commodi.', '1991-06-28 10:54:13'),
(184, 198, 184, 184, 'Fugit cum architecto beatae velit sint. Dolor et illo quia ea quas sunt quo.', '1972-08-02 11:13:47'),
(185, 58, 185, 185, 'Harum accusamus nulla ut doloribus ut nobis. Et placeat rerum molestias voluptas aut. Esse modi unde cum aliquid blanditiis molestiae voluptate.', '2019-04-17 19:26:14'),
(186, 111, 186, 186, 'Fuga incidunt pariatur velit neque voluptate recusandae. Accusantium alias qui soluta. Ut et nobis saepe voluptatibus tempore et.', '1980-09-09 05:08:39'),
(187, 21, 187, 187, 'Odio voluptates facere praesentium expedita ut exercitationem ipsum. Vel est ipsa non est fuga et. Quia et sint iure illo. Ea ullam quisquam modi. Repellendus possimus aliquam sed ut iste.', '1998-08-09 22:50:43'),
(188, 40, 188, 188, 'Nam voluptatem ut sint sunt deserunt at. Non odio accusantium ut eos sint atque. Similique consequatur voluptates iste error dolores excepturi. Id eos cupiditate voluptas cumque consectetur aliquid assumenda.', '1975-06-11 07:56:01'),
(189, 0, 189, 189, 'Reiciendis dolor perspiciatis cum velit perspiciatis omnis. Eos enim excepturi fugit et officiis. Ipsum dolorum doloribus nobis et.', '1982-03-05 11:17:58'),
(190, 74, 190, 190, 'Rerum qui perferendis rerum consequuntur. Sed quasi quod consequatur eaque rem excepturi. Soluta nihil culpa voluptatem consectetur voluptatem et fugiat. Voluptates consequatur tempora velit et sit eveniet.', '1979-05-07 10:12:55'),
(191, 35, 191, 191, 'Autem voluptate ducimus nihil et. Sed aliquam velit optio fuga. Labore autem a illum adipisci recusandae. Beatae totam dignissimos ut et.', '2009-02-10 22:23:38'),
(192, 96, 192, 192, 'Placeat libero qui laborum et incidunt unde dolor sed. Quis eius sit ducimus optio. Dolor deleniti ut quis itaque dolor possimus fugit.', '1995-03-03 00:47:41'),
(193, 143, 193, 193, 'Veritatis quae vitae voluptate sint. Accusantium assumenda vitae inventore saepe rerum repellendus ratione minima. Et consequatur est unde consequatur nihil harum.', '1983-02-18 05:59:47'),
(194, 165, 194, 194, 'Similique qui assumenda facilis quia repellendus explicabo. Laborum corrupti molestiae perferendis ab suscipit est eum. Asperiores earum dolorem totam et aut molestias ducimus. Cum quasi mollitia quod quam.', '1971-04-05 00:21:06'),
(195, 56, 195, 195, 'Aut vitae inventore nesciunt eos atque corporis. Repudiandae quia totam fugit libero consequuntur sed. Non dolores laborum necessitatibus. Similique in sequi non consequatur.', '2002-09-02 15:42:05'),
(196, 86, 196, 196, 'Consequatur quia sed iusto nihil ut. Repellendus sed aut nemo explicabo eos ea magni.', '2014-02-25 13:49:36'),
(197, 74, 197, 197, 'Optio ad quas eligendi voluptas cumque. Numquam omnis commodi ipsam dolorem. Aut et sapiente dolor praesentium sit adipisci quia.', '2008-06-24 22:41:35'),
(198, 191, 198, 198, 'Similique sed dolor doloribus ut voluptates. Vel ut quas facilis inventore doloremque fugit error. Eaque error placeat non. Doloribus esse hic aut. Nobis odit temporibus non temporibus at mollitia necessitatibus sed.', '2002-12-09 21:02:33'),
(199, 13, 199, 199, 'Quis possimus commodi vel perspiciatis. Porro recusandae occaecati error quos. A ipsa placeat rem sapiente.', '2003-02-24 02:42:50'),
(200, 108, 200, 200, 'Aut similique sit quasi et. Facere quod consequatur adipisci et. Voluptatum eum optio earum rerum.', '1997-07-07 19:34:11'),
(201, 26, 1, 1, 'Quod et illo quae error est quae sunt. Laudantium vel rerum omnis est. Quis quam aperiam fugiat quod aut est qui possimus.', '1974-02-22 15:31:11'),
(202, 175, 2, 2, 'Consequuntur doloribus repellendus optio ut molestiae placeat doloremque. Autem ut voluptatem dolores sed architecto aut voluptas. Hic occaecati in facere id. Velit in perferendis aut voluptatem saepe perspiciatis atque. Minus officiis veniam earum itaque sint ea minus.', '1975-05-24 08:06:24'),
(203, 53, 3, 3, 'Impedit qui soluta fugiat minima odio. Reprehenderit cumque impedit repellat est. Impedit ducimus qui dicta autem. Et quo itaque nulla officia molestiae. Voluptatem magnam ducimus possimus.', '1981-03-28 08:02:31'),
(204, 47, 4, 4, 'Veritatis rerum necessitatibus esse. Dolore est cupiditate debitis facere est. Consectetur sed dolorum nesciunt error perferendis delectus aut. Voluptatibus et et ut reiciendis quo. Facilis omnis totam qui ratione sequi.', '1972-03-19 05:08:56'),
(205, 76, 5, 5, 'Quas vel hic et ut aliquam tempore voluptatem. Qui aspernatur voluptates in tempora ullam quae sit. Molestias non et voluptatum qui porro rerum unde et.', '1987-11-23 11:19:54'),
(206, 145, 6, 6, 'Quae fugit exercitationem ut ut enim error voluptatum. Asperiores reprehenderit omnis dolores culpa. Aliquam illum fuga non qui. Placeat saepe laboriosam id voluptatem est et quas harum. Quo officia numquam enim optio non debitis.', '2009-10-15 03:44:19'),
(207, 163, 7, 7, 'Aut quaerat est quam dolores et vel sunt veniam. Sint dolorem placeat natus in et omnis id. Non qui atque voluptatibus soluta in consectetur id.', '2005-08-17 02:57:14'),
(208, 63, 8, 8, 'Nisi eum repellendus qui quo nulla est magnam. Dolore molestiae nesciunt eos aliquid debitis natus sed.', '1998-08-19 20:20:23'),
(209, 78, 9, 9, 'Voluptas id aut voluptas blanditiis quod numquam et. Ut ut autem aut sed. Deleniti ipsum consequatur debitis quia inventore.', '1979-10-25 03:56:17'),
(210, 121, 10, 10, 'Sapiente minus mollitia vero sequi id. Perferendis voluptates deserunt cumque eos non impedit. Quia sed voluptate ex ut laboriosam quia aliquam. Quam illum debitis aperiam autem ducimus est illum quos.', '2016-06-26 02:03:22'),
(211, 117, 11, 11, 'Delectus est labore totam quod ab rerum quia suscipit. Assumenda delectus ea voluptatem cupiditate. Ratione quaerat temporibus sed commodi.', '1970-05-13 00:40:16'),
(212, 2, 12, 12, 'Fugiat est repellat nostrum dolorem rem necessitatibus. Odit laboriosam consequatur possimus. Minima sapiente nam labore consequatur tenetur magnam sit. Illum ut tenetur voluptate.', '2007-11-09 11:04:50'),
(213, 180, 13, 13, 'Itaque qui reiciendis libero aut reprehenderit. Eum sit error culpa ea voluptas. Quia dolorem qui non ea. Nesciunt quibusdam consequuntur at debitis.', '1999-09-17 22:51:15'),
(214, 13, 14, 14, 'Id nihil accusamus eaque aut laborum saepe. Vel ducimus odio aut magni rerum. Nam sequi minima velit nulla nostrum odio maxime.', '1972-07-13 23:37:00'),
(215, 180, 15, 15, 'Et repellendus consequatur ut et perferendis. Consequatur maiores magnam delectus. Eos velit quis eum quia cum. Iusto nisi nisi aspernatur nobis. Nostrum est at ad occaecati.', '1974-11-19 18:45:32'),
(216, 97, 16, 16, 'Quidem ut molestias omnis. Consequatur quo tempore ad doloremque vitae et ex. Fugiat eum tempore totam molestias. Sapiente at doloremque vero officia sint.', '1975-09-12 06:25:37'),
(217, 173, 17, 17, 'Ut dolorem eos quae fuga qui. Repellat voluptates quibusdam tempora vel voluptatum. Sed est non ut mollitia.', '2000-07-15 08:53:26'),
(218, 187, 18, 18, 'Rerum minima sunt modi aut voluptas id. Nesciunt dolor dolor placeat et aut doloremque quos. Soluta inventore est consectetur voluptatum. Qui explicabo ab occaecati magnam a reiciendis et.', '1994-09-15 13:09:53'),
(219, 6, 19, 19, 'Illo quod voluptate qui quae minus. Cumque nam quo libero reprehenderit et nulla sint sunt. Temporibus quod non qui est est sunt. Ex dolores omnis eos quaerat voluptatibus repellendus amet dignissimos.', '1976-02-14 11:56:00'),
(220, 138, 20, 20, 'Molestiae in at repudiandae. Consectetur eum aut laborum quibusdam rerum provident aliquid rerum. Provident id et nulla iusto. Quasi nesciunt amet ut atque officiis.', '2013-02-18 12:13:52'),
(221, 73, 21, 21, 'Molestiae rerum maiores ut eum itaque incidunt aspernatur. Ipsum adipisci consequuntur sint. Minus eligendi eius voluptas quam. Ut similique aut eos non optio laboriosam accusamus.', '2010-11-21 03:43:59'),
(222, 122, 22, 22, 'Fugiat autem cumque id recusandae omnis. Delectus quia facilis sit ipsam sunt sint. Dolor numquam deleniti ipsam est facere ut.', '2017-06-17 00:49:15'),
(223, 28, 23, 23, 'Ducimus velit quaerat et similique. Aut est suscipit aut adipisci rerum eius omnis. Et deleniti est non perspiciatis doloribus dicta quae. Et nobis ducimus ea enim dolores.', '1977-07-16 21:41:03'),
(224, 181, 24, 24, 'Cumque quibusdam pariatur et dolor error deleniti harum autem. Et ea nihil officiis impedit tenetur harum. Sequi sint dolorem molestiae enim veritatis mollitia harum reiciendis. Aut sit optio ad eius.', '2006-12-06 23:18:36'),
(225, 183, 25, 25, 'Rerum in inventore in quo. Eum nulla iure a et magnam animi dolore. Autem magnam nihil consequuntur nobis sapiente magni sint.', '1980-08-21 04:58:33'),
(226, 11, 26, 26, 'Dolor officiis autem nihil vero laborum rem veniam. Temporibus quas sapiente voluptatibus qui rerum iste modi. Neque sequi velit fugit aut modi tempora. Assumenda molestiae repellendus quibusdam perspiciatis sunt excepturi.', '1982-07-27 02:14:34'),
(227, 64, 27, 27, 'Quidem provident vel iste error repellendus cupiditate ad. Non quae atque quasi corporis natus minus. Temporibus perferendis vero odit placeat dolorum vitae. Dolores aut culpa et.', '2002-06-16 22:44:12'),
(228, 73, 28, 28, 'Nam dignissimos voluptas alias rerum dicta officiis et. Ea sed sequi corrupti quos. Et quis assumenda debitis accusamus doloribus sed odio. Vel et est ut nesciunt rerum in.', '2015-05-07 09:20:15'),
(229, 129, 29, 29, 'Minima mollitia perspiciatis eos sed est. Vel non architecto voluptas ipsa.', '2003-08-15 08:52:28'),
(230, 55, 30, 30, 'Nostrum quo quia similique doloribus iure. Deleniti provident quis non.', '1993-11-01 19:15:35'),
(231, 23, 31, 31, 'Perspiciatis dolorum ut rerum sit totam sed voluptatem. Deserunt ad atque ad qui est at aut. Id qui deserunt nisi dolores voluptates aut. Expedita incidunt rerum architecto repellat ut ipsam.', '2014-01-20 18:02:13'),
(232, 90, 32, 32, 'Illo ea facilis harum. Nihil qui et tempora hic odit consequatur. Ut quia non amet officiis autem rem deleniti.', '1978-01-20 12:57:16'),
(233, 112, 33, 33, 'Eius praesentium rerum quibusdam optio magnam cumque assumenda. Quidem eum veritatis facilis. Quis sunt itaque dolor non.', '2001-07-11 03:55:22'),
(234, 106, 34, 34, 'Alias libero ipsam soluta est est minima autem. Quasi nihil illo consequatur enim repellat placeat officia. Asperiores et hic ut voluptatibus fugiat. Illum qui qui nihil et et sed.', '1976-10-09 02:07:18'),
(235, 101, 35, 35, 'Qui earum asperiores repellat qui in nihil. Recusandae voluptas doloremque fuga in illum praesentium nihil harum. Fugiat facilis nihil qui cumque error. Laudantium iste eligendi aut amet.', '1993-06-21 14:25:03'),
(236, 74, 36, 36, 'Sed suscipit quod dignissimos praesentium commodi quam asperiores. Voluptatem consequatur et architecto perspiciatis quisquam aut. Dolorem ut vel fugit placeat molestiae doloribus. Enim dolore itaque blanditiis.', '2020-09-23 10:56:00'),
(237, 102, 37, 37, 'Culpa corporis consequuntur deserunt et iure. Saepe et quibusdam quo reprehenderit repellat necessitatibus fugiat.', '1975-10-13 06:25:20'),
(238, 122, 38, 38, 'Nihil facilis ut odit a quam ut et. At eveniet non dignissimos temporibus. Nihil qui esse perferendis asperiores debitis.', '1979-09-07 04:52:11'),
(239, 3, 39, 39, 'Dicta dolorem debitis velit debitis omnis corporis aliquam. Aut sed quo facere alias ab quia. Illum cupiditate numquam alias officiis. Et quis quis quisquam sint tempora rerum.', '1989-09-24 13:12:47'),
(240, 154, 40, 40, 'Omnis rerum voluptate sit animi ea. Odit ad nam culpa sit. Suscipit suscipit vitae aut rerum fugiat.', '2003-07-05 11:19:16'),
(241, 115, 41, 41, 'Non sed quae dolorum tempora. Praesentium fugit officiis officiis dolor. Magni facere beatae molestias iusto. Vel a ut praesentium modi sed beatae perferendis.', '2004-05-07 16:37:17'),
(242, 188, 42, 42, 'Et eveniet voluptas quia molestiae. Eaque laboriosam aut qui fuga ad unde. Ratione reprehenderit est delectus aut. Maiores aut dolorum quas soluta occaecati autem.', '1990-05-26 11:43:43'),
(243, 30, 43, 43, 'Inventore natus magni dolor molestiae vero ut praesentium. Sint consequuntur debitis dolores atque repudiandae. Consequatur odit animi sequi deserunt et soluta.', '2009-01-29 02:16:17'),
(244, 35, 44, 44, 'Possimus consequuntur dignissimos quae et adipisci vel corporis. Minus deleniti qui quam quaerat reprehenderit qui voluptatem. Et voluptates officiis facilis eveniet repudiandae magni illum. Voluptatum nihil ut aut sed repellat omnis.', '2005-12-10 14:02:34'),
(245, 5, 45, 45, 'Corrupti harum consequuntur ipsum est ullam cum. Incidunt itaque dignissimos soluta. Illum nihil molestiae ut amet voluptatibus laborum eius. Blanditiis soluta eum rem natus id qui.', '2016-03-09 15:40:25');
INSERT INTO `comments` (`id`, `parent_id`, `blog_id`, `reader_id`, `comment_content`, `created_at`) VALUES
(246, 127, 46, 46, 'Quo excepturi accusamus saepe quis sunt. Illo omnis sed facilis dolores quasi rerum enim. Voluptas sit fugit quia eius deserunt. Laborum minus eveniet occaecati.', '1974-04-28 13:50:04'),
(247, 4, 47, 47, 'Nemo maxime reprehenderit voluptatem modi reprehenderit perferendis ut. Maiores et ducimus eius et. Ullam esse dolores nulla optio aut.', '2015-12-23 11:30:25'),
(248, 107, 48, 48, 'Modi atque laboriosam et quia voluptatibus et. Est illo nihil unde repellat ut dolores corrupti. Officia et dolor atque fugiat. Blanditiis rerum velit modi.', '1984-06-07 13:00:38'),
(249, 68, 49, 49, 'Nulla ab ut vero sed odio vero. Repellendus quia soluta debitis. Ut adipisci a quia ea fugit.', '2008-03-19 16:40:52'),
(250, 17, 50, 50, 'Maxime expedita est laudantium similique sequi. Doloribus aut nisi et quod quo non quia. Et nihil quo ad necessitatibus autem.', '2015-03-26 18:36:46'),
(251, 7, 51, 51, 'Totam excepturi inventore vel. Aut voluptates odio non illo ab ipsa. Ea non et magni molestias architecto.', '1986-05-03 18:32:28'),
(252, 119, 52, 52, 'Accusantium numquam et temporibus et ut quasi dolore. Molestiae beatae in eaque. Consequuntur magnam nisi veritatis hic est provident. Saepe et nostrum repellat est qui itaque velit.', '2012-02-29 19:21:38'),
(253, 71, 53, 53, 'Et nihil quia id ut ea et est. Fugit aspernatur aut incidunt omnis quod. Velit porro non fugiat libero nostrum aspernatur.', '1982-11-19 06:54:39'),
(254, 97, 54, 54, 'Vel enim id omnis explicabo. Doloremque asperiores aut aut reprehenderit quasi perferendis. Est optio rem sint cupiditate.', '1986-05-24 08:27:23'),
(255, 130, 55, 55, 'Quis aperiam pariatur quia. Ut necessitatibus eius voluptatem mollitia fugiat qui sint. Voluptate repudiandae laudantium qui et doloremque fuga. Consectetur est dolorem nihil ut sed.', '1984-09-17 06:12:52'),
(256, 139, 56, 56, 'Animi natus dicta fugiat officiis magni rerum accusantium. Quia consectetur dolor provident alias eum rerum error. Earum ut quas est omnis.', '1984-07-18 09:01:51'),
(257, 14, 57, 57, 'Dignissimos quas id exercitationem beatae eos delectus non autem. Est ea qui sit rerum cum. Quis porro ut architecto dolores.', '2000-07-24 00:22:23'),
(258, 1, 58, 58, 'Sit ut sapiente provident architecto incidunt facere ea. Eligendi itaque quasi maiores vel rem sed quaerat accusantium. Iure alias quaerat ut magnam. Aut laboriosam voluptatum ea ut.', '1999-08-21 22:32:09'),
(259, 196, 59, 59, 'Ullam quia id laudantium repellendus rerum eligendi. Maxime aliquam magni consequatur perferendis. Architecto voluptatem optio laboriosam nihil.', '2022-03-11 06:28:04'),
(260, 35, 60, 60, 'Quas quidem sequi saepe fuga sequi molestiae id. Fugiat harum aut suscipit sit. Ut quia eveniet id quibusdam ut mollitia inventore rerum. Sequi delectus sit commodi quasi.', '2000-05-22 19:53:12'),
(261, 188, 61, 61, 'Qui quis eum sit qui atque voluptatum minima. Dolorem ducimus illum cupiditate laboriosam magnam. Voluptatibus fuga quidem vero eius facere omnis.', '1977-01-05 22:09:55'),
(262, 132, 62, 62, 'Est et incidunt esse ut omnis quo voluptatem. Dolor quos et mollitia corporis mollitia reprehenderit eos. Culpa rerum qui occaecati voluptatum non praesentium accusamus.', '2010-03-08 23:37:50'),
(263, 9, 63, 63, 'Facilis ab dolor quae cumque est omnis consectetur molestiae. Impedit omnis exercitationem placeat. Ipsam dolore aut vel sunt. Aut omnis magnam sit maiores porro nemo in.', '2005-10-03 02:46:52'),
(264, 174, 64, 64, 'Reprehenderit et in laboriosam placeat ratione. Ut nulla nesciunt architecto et. Quibusdam enim libero blanditiis labore voluptas dolor exercitationem occaecati. Tenetur ex a eos aut.', '2001-03-09 07:43:21'),
(265, 67, 65, 65, 'Dolorem quisquam nesciunt hic explicabo velit. Veritatis eveniet omnis consectetur voluptatem libero. Quos et officiis iusto iure.', '1972-11-05 21:41:15'),
(266, 94, 66, 66, 'Dolor magnam id ut. Ad ut inventore magnam omnis ut expedita eum. Nam aut voluptatem vel aut et est voluptas.', '2001-12-02 19:44:07'),
(267, 166, 67, 67, 'Beatae exercitationem et explicabo vitae laudantium ex quisquam. Ex architecto expedita fuga rerum sequi et voluptas. Est iure pariatur eos dolores qui numquam voluptates. Rem ad necessitatibus et ut ipsam.', '2019-02-05 16:08:47'),
(268, 75, 68, 68, 'Veniam illo temporibus totam tenetur. Repellendus ut culpa quaerat qui. Cumque at aut iste voluptatem nihil consequuntur nihil.', '2010-09-18 20:52:59'),
(269, 29, 69, 69, 'Non deleniti qui vero dicta. Repellendus quia magnam aliquid neque quod qui esse numquam. Vel quia exercitationem sed. Ipsa ipsam eaque rem sit numquam voluptas.', '1974-11-26 16:50:17'),
(270, 75, 70, 70, 'Qui similique laudantium molestiae exercitationem voluptas. Sed at nihil soluta id sint. Impedit a ut nulla voluptatem sed. Vel dolor ut dolorem dolorem dolores natus.', '1975-09-08 04:11:42'),
(271, 62, 71, 71, 'Sint recusandae voluptatibus a soluta vel. Totam aliquam a accusamus fuga. Veritatis dolore omnis accusantium veritatis veniam enim.', '1987-11-14 18:01:17'),
(272, 181, 72, 72, 'Natus et earum id omnis voluptatibus et vero aliquid. Et et consectetur quia quae praesentium delectus. Est rerum voluptatibus reiciendis aliquam rem aperiam molestias.', '1970-11-19 12:26:15'),
(273, 161, 73, 73, 'Adipisci nostrum repellat ullam. Cupiditate ullam temporibus eum harum maiores. Quas ut deserunt delectus recusandae voluptatem et.', '1971-10-19 06:33:09'),
(274, 95, 74, 74, 'Sed aut eius incidunt tenetur. Est magni suscipit aperiam quia cupiditate aspernatur non. Consequatur et magnam non natus debitis omnis.', '1992-02-02 21:16:29'),
(275, 140, 75, 75, 'Rem ut rerum in eum quo. Cum temporibus in minus quaerat molestiae. Ut vel atque sit.', '2018-08-14 16:02:40'),
(276, 51, 76, 76, 'Est culpa ducimus et quasi occaecati accusantium. Eius in dolores aut dolor et ut rem. Fugiat voluptatem facere modi aliquid numquam at quisquam. Itaque dolorem accusantium ullam.', '1973-12-15 16:55:01'),
(277, 140, 77, 77, 'Tempora et nam totam est ea. Accusamus natus quia neque temporibus itaque. Autem debitis cum aut velit id eaque harum et. Quis enim nulla similique sunt.', '1998-08-08 09:26:46'),
(278, 48, 78, 78, 'Illum vel vel autem minus possimus inventore quod. Quidem architecto nulla sapiente ut sunt veritatis. Libero excepturi tempora sequi vel cum accusantium.', '2022-03-29 19:05:28'),
(279, 35, 79, 79, 'Nihil praesentium non quia ut facere. Consequuntur qui odio nesciunt dolore ut quia. Nihil ut vero hic. Molestiae officia blanditiis velit architecto.', '1996-09-04 05:41:43'),
(280, 21, 80, 80, 'Ut eligendi est ut quos placeat nesciunt aliquid. Accusamus quod nihil deleniti voluptas nam quos repellat.', '1973-04-30 07:02:39'),
(281, 97, 81, 81, 'Voluptatem harum qui aspernatur nihil distinctio impedit ut. Tempore ut nostrum cumque ipsum aut. Eius voluptas amet laudantium dolores cum magni dolores. Sequi ut quam accusantium quam.', '1999-11-22 08:35:12'),
(282, 102, 82, 82, 'Ducimus animi enim a repellat facere totam. Numquam sunt dolor fugiat. Eum odio aut repellendus optio blanditiis tenetur voluptates adipisci. Optio tenetur sed quaerat qui deleniti consectetur nihil.', '2011-05-08 16:11:02'),
(283, 195, 83, 83, 'Ipsa molestias cum et molestiae iste sunt voluptate. Velit iusto ut ratione earum eius.', '2011-08-29 22:11:20'),
(284, 6, 84, 84, 'Omnis ut dolores odio dolores. Non est repellat ducimus rerum. Alias incidunt accusantium dolore placeat voluptatem.', '1986-10-31 07:41:41'),
(285, 81, 85, 85, 'Odio eum et molestias. Et et non similique exercitationem. Nobis alias velit facere ipsa. Qui cupiditate sit dolorem facere quia accusantium.', '2013-02-10 09:56:42'),
(286, 197, 86, 86, 'Atque voluptatem repellendus provident maxime. Et inventore nulla ea aliquid est. Unde libero nihil enim quia temporibus accusamus.', '1976-10-06 23:22:33'),
(287, 168, 87, 87, 'Quia aspernatur voluptatem et quisquam non. Ullam quia tempora dolorum assumenda dolore exercitationem.', '2014-10-31 02:10:49'),
(288, 157, 88, 88, 'Odit numquam laboriosam doloribus qui. Molestias commodi deserunt eaque voluptas. Molestias aut aut suscipit optio aspernatur saepe. Veniam autem rerum nesciunt voluptas ea molestiae praesentium cupiditate.', '1997-06-22 02:43:09'),
(289, 88, 89, 89, 'Nisi sed repudiandae sit voluptas aut. Eum rerum sapiente totam inventore sed dolorem. Architecto quos sunt totam adipisci omnis. Explicabo aliquid tempora sit tempore perspiciatis commodi ipsam. Nobis totam eos repudiandae quibusdam quis.', '2000-07-21 01:20:05'),
(290, 7, 90, 90, 'Eius nulla eaque dolores odit. Omnis nam omnis suscipit tempore accusamus neque sunt. Commodi occaecati fugit voluptate fugiat alias ut fugit eligendi. Consequatur velit ex qui dolorem pariatur.', '1975-06-30 07:23:42'),
(291, 23, 91, 91, 'Id quis voluptatem cum reprehenderit quo. Velit tempore eos inventore corrupti rerum nihil. Accusamus voluptate blanditiis quisquam. Voluptas maxime omnis vel. Quis aut nihil suscipit officiis.', '2002-01-26 02:46:02'),
(292, 127, 92, 92, 'Sed autem repellendus quis vel odio. Tempora quo cum sed adipisci vitae ut quae. Tempora et quia commodi perferendis blanditiis asperiores.', '1992-10-13 11:36:27'),
(293, 129, 93, 93, 'Ea laborum et quod velit. Eaque recusandae quis earum recusandae sunt totam. Non officiis doloremque ea alias non cum. Facilis libero id enim maxime ut neque.', '2015-01-23 22:08:44'),
(294, 145, 94, 94, 'Et et id voluptas aut asperiores. Vel dolores ab fuga dolorum id non. Minus nesciunt ratione ea eligendi et nihil cumque. Soluta veniam distinctio facere cumque temporibus fuga. Aut fugit laudantium voluptate sapiente cum vel corrupti cum.', '2004-03-27 04:14:15'),
(295, 171, 95, 95, 'Consequatur voluptatem et non rerum assumenda consequatur. Dolore quam sunt autem voluptatem tempora id.', '1988-07-13 04:16:09'),
(296, 186, 96, 96, 'Cupiditate inventore ut sunt sint voluptas qui error. Non reprehenderit autem ab ea. Provident necessitatibus excepturi hic sed ex possimus dolorem.', '1983-10-03 18:18:48'),
(297, 67, 97, 97, 'Architecto officiis dicta dolore blanditiis eligendi qui ipsam. Animi vero et eos eos a ducimus. In ea animi expedita aut ut et. Vero laudantium fugiat voluptatibus voluptatem quos incidunt et.', '1989-12-07 07:20:54'),
(298, 101, 98, 98, 'Eum impedit explicabo optio. Quidem officiis numquam voluptas voluptas incidunt natus et. Quae nam consectetur perspiciatis provident. Possimus ipsa veniam modi quae.', '1974-05-07 05:45:14'),
(299, 44, 99, 99, 'Sit ut vel sint quod quia nihil similique voluptatibus. Et animi voluptatum officia nemo qui fugiat. Accusantium dolorum animi dolores nisi eos voluptas. Molestiae maiores molestias consequatur quod.', '1971-01-18 00:37:49'),
(300, 162, 100, 100, 'Aliquid voluptates consequatur sed quasi incidunt. Et aliquam est consequatur quidem. Voluptatem rerum aperiam et suscipit sapiente enim. Dolore et id error.', '1986-01-12 00:14:56'),
(301, 19, 101, 101, 'Tempora omnis eligendi iure doloribus. Deserunt ut qui ea. Magnam sit omnis quidem aspernatur qui qui inventore.', '1976-07-13 08:34:32'),
(302, 37, 102, 102, 'Ratione est amet laudantium maxime repellat consequatur et aut. Et temporibus ut accusamus et et. Et labore dolores suscipit nesciunt. Laudantium corporis sed repudiandae voluptas et.', '1998-12-10 13:14:01'),
(303, 173, 103, 103, 'Rerum officia quos quidem aperiam voluptates sit eum. Quod sit neque qui nulla hic. Ipsam et ipsa adipisci magnam.', '1995-08-20 06:10:11'),
(304, 26, 104, 104, 'Libero doloribus laudantium voluptates velit quod veniam. Facere suscipit harum eos enim fuga. Quia voluptate et et labore qui. Natus dolorem voluptas consequatur veritatis impedit vitae ipsam reiciendis.', '2015-05-04 11:56:10'),
(305, 8, 105, 105, 'Recusandae velit tenetur et veritatis et repellendus. Fugiat magni voluptatibus non possimus. Consequuntur est natus quisquam rem similique fuga.', '1973-10-09 07:35:42'),
(306, 24, 106, 106, 'Culpa eos cum incidunt ut non nam. Blanditiis velit et et ea pariatur aperiam facilis et. Quidem sit ut iste velit iusto sed porro.', '2017-12-15 16:42:04'),
(307, 121, 107, 107, 'Quibusdam sunt magni et. Ut accusamus et quia numquam aperiam. Neque voluptatum velit et qui. Distinctio perspiciatis ab pariatur nam.', '1976-12-10 11:25:29'),
(308, 149, 108, 108, 'Fugit ipsum nihil consequatur. Et molestiae suscipit molestiae at. A ipsum quisquam odio vel saepe nihil. Quo rem quaerat nihil sit rerum.', '1975-01-18 17:48:39'),
(309, 24, 109, 109, 'Tempora beatae dolor et consequatur aperiam laborum et dolor. Architecto dolor a consequatur quas sunt doloribus. Dolore aspernatur dolor molestiae alias perferendis.', '2011-01-08 05:55:53'),
(310, 54, 110, 110, 'Amet aut explicabo ut qui delectus doloremque voluptatem sed. Exercitationem necessitatibus rerum quos quo qui hic. Dicta eos quisquam unde reprehenderit distinctio eius pariatur. Eum autem ut id necessitatibus aliquam itaque.', '1991-05-03 16:13:23'),
(311, 10, 111, 111, 'Quam doloribus alias temporibus qui. Illo quisquam quia sed quidem delectus doloribus rerum. Quos quis ad et sunt asperiores ratione. A ducimus itaque quod similique.', '1973-10-09 23:44:36'),
(312, 80, 112, 112, 'Est aut recusandae maxime ab qui in inventore eveniet. Facere nisi id autem et omnis. Perferendis repudiandae nesciunt sunt incidunt doloribus distinctio porro.', '2017-11-15 19:50:05'),
(313, 200, 113, 113, 'Aliquid voluptatem sapiente quia tempore. Ut consectetur dolores qui aliquam fuga.', '1999-03-12 06:29:12'),
(314, 184, 114, 114, 'Eum impedit earum nulla quia rem. Et dolorem omnis rerum voluptate. Non aut aperiam non eaque. Ea qui iure vel aut recusandae.', '1997-04-16 03:57:38'),
(315, 159, 115, 115, 'Laudantium cum atque vel accusantium. Eos aliquid nobis qui. Sit aut adipisci consequuntur tenetur totam sed voluptas. Aliquid qui quas aut nisi nihil cum voluptas.', '2011-08-19 05:31:33'),
(316, 31, 116, 116, 'Provident nostrum nesciunt cumque excepturi ex. Expedita voluptas et voluptatem rerum odio aut.', '1996-04-17 12:05:07'),
(317, 153, 117, 117, 'Facilis nostrum veniam ut nobis explicabo distinctio et. Provident qui est adipisci accusantium rerum. Quo mollitia quos sed amet temporibus. Sed vitae explicabo esse qui provident dicta voluptatibus ex.', '1986-09-19 00:02:05'),
(318, 195, 118, 118, 'Dignissimos quo et velit voluptatibus beatae dolore in. Vel quos quibusdam dolorem possimus. Commodi alias error officiis neque. Dolor doloribus saepe nemo. Adipisci accusantium ipsum exercitationem ipsum.', '1996-10-07 06:00:51'),
(319, 29, 119, 119, 'Rem consequatur architecto libero facilis qui. Et dolores et adipisci amet totam. Atque harum quia qui nisi.', '1988-09-11 01:30:32'),
(320, 158, 120, 120, 'Tempore sunt minima in ut nesciunt vel inventore. Nihil animi aut excepturi. Et sit voluptatem sit incidunt odio fugiat. Sit eum numquam culpa neque velit molestiae fugiat.', '1971-08-07 10:41:36'),
(321, 107, 121, 121, 'Modi dolor qui sit non aspernatur. Nihil odit facilis sed magnam ipsam. Eum sed atque ut magnam.', '1993-03-14 18:35:35'),
(322, 85, 122, 122, 'Voluptatibus dolore necessitatibus eveniet sapiente. Illum rerum ea aut ut dolores. Temporibus voluptatem qui ea quia.', '1980-02-29 23:11:40'),
(323, 199, 123, 123, 'Quia aut molestias qui vel error. Facilis quis dolorem eius delectus sint. Libero aliquam minima et qui reiciendis aut. Optio aut sapiente deleniti consequatur iure sit.', '2021-12-11 08:01:42'),
(324, 156, 124, 124, 'Iusto libero autem odit cupiditate nisi ea natus. Voluptates vitae tempora officiis ea et. Aperiam qui aut et mollitia. Non voluptatibus aliquid quo quibusdam tempore aut porro.', '2003-06-17 17:04:08'),
(325, 11, 125, 125, 'Officia debitis architecto mollitia. Quasi enim non harum. Perferendis natus molestiae autem repellat qui. Esse est velit incidunt consectetur.', '1982-09-27 01:28:55'),
(326, 29, 126, 126, 'Harum non et in possimus dolores voluptas et. Similique neque sed commodi architecto nobis velit voluptas dolor. Mollitia in sed iste et. Temporibus adipisci deserunt est.', '2017-07-03 04:10:21'),
(327, 5, 127, 127, 'Libero sapiente consequatur corporis labore. Qui eveniet eius dolor ut. Aliquid blanditiis non hic praesentium nam porro. Modi nostrum nostrum qui ad.', '2011-10-29 11:25:43'),
(328, 180, 128, 128, 'Aut in voluptas ea est praesentium. Culpa voluptatem enim possimus enim. Omnis aliquid sint doloribus eum hic. Dignissimos aut dignissimos distinctio et vitae.', '2011-04-17 22:23:54'),
(329, 10, 129, 129, 'Delectus vitae explicabo sed dicta. Consequatur neque sit alias enim illo modi a dolorum. Nam adipisci voluptatem molestiae assumenda consequatur. Eos culpa earum minus facilis non natus est.', '1980-11-26 15:10:05'),
(330, 134, 130, 130, 'Odit deserunt labore et. Nisi iure sapiente corporis molestiae ea dolorem quia. Eaque tempora quas libero consequatur at praesentium. Ipsam consectetur ipsa eos eum vitae occaecati sed.', '1982-04-20 15:28:22'),
(331, 87, 131, 131, 'Velit ipsa non nam id et. Quibusdam exercitationem nulla quo qui veritatis cumque itaque. Nostrum ab asperiores recusandae asperiores sint. Veritatis eaque officia omnis. Deleniti ea quam aliquam quo odio ea ab.', '1990-04-26 04:36:48'),
(332, 55, 132, 132, 'Velit et fuga facere voluptas optio. Veritatis et rerum laudantium quos aut. Ab esse architecto in nesciunt sed. Consequatur ea atque qui explicabo saepe voluptates molestias. Numquam quo placeat enim deleniti unde nesciunt illo.', '1988-01-20 12:13:01'),
(333, 50, 133, 133, 'Temporibus natus iusto repellat nisi. Sed adipisci esse est illum eligendi. Et et voluptas illum culpa distinctio. Vel fugit dolor deleniti.', '1974-03-16 02:43:30'),
(334, 197, 134, 134, 'Debitis quia voluptatibus numquam fugiat omnis ut eveniet. Voluptatibus suscipit sit possimus dolor aut autem dolor.', '2003-08-14 18:15:01'),
(335, 83, 135, 135, 'Illum qui dolore cum odit repellendus. Maiores a dolorem omnis a aut.', '1991-03-09 03:17:34'),
(336, 61, 136, 136, 'Voluptatem voluptatem sapiente dolores et quia aliquid facere. Dolorem hic eum in eum deleniti impedit aut. Nisi et autem omnis voluptatem.', '1988-05-18 19:50:35'),
(337, 105, 137, 137, 'Aliquam omnis laudantium ea accusamus praesentium non. Excepturi et labore recusandae rerum. Qui dolores dolor ratione voluptatem voluptas. Tempore ab nihil ut omnis sed fugit.', '1976-02-10 22:37:10'),
(338, 19, 138, 138, 'Veniam ut consequatur laudantium. Illo et aut consequatur cupiditate quasi non sed. Consequatur ut earum et dicta voluptatibus.', '2013-10-05 16:46:23'),
(339, 61, 139, 139, 'Laudantium quo ut iure ut aliquid sequi. Sit consequatur ipsum nihil est sunt. Nulla rem qui ut est molestiae quia.', '2015-08-19 04:48:39'),
(340, 187, 140, 140, 'Et ipsum sit quo labore eaque vero. Corporis pariatur quis repellat. Pariatur et pariatur eveniet dolor.', '2016-10-03 05:37:55'),
(341, 26, 141, 141, 'Sed est ut est quae nesciunt perspiciatis ut minus. Explicabo qui placeat recusandae a aperiam sed. Fuga officia magnam aut aperiam. Neque cumque cumque soluta maxime quidem.', '1996-09-18 19:37:42'),
(342, 98, 142, 142, 'Est eligendi enim unde eveniet voluptatem. Non qui in ut odit dolorum eum sequi. Aut sint asperiores inventore excepturi eaque id dolorem. Dicta et velit sed velit praesentium possimus.', '2014-07-06 10:55:55'),
(343, 182, 143, 143, 'Nulla id iusto molestias enim. Dolores quos et est vel omnis. Minus et modi in magnam itaque hic odio. Commodi aut corrupti rerum exercitationem possimus porro adipisci. Reprehenderit ut ex et autem.', '1985-08-27 03:23:17'),
(344, 198, 144, 144, 'Facilis laboriosam accusantium eius nobis aliquam et. Pariatur sapiente non accusantium et. Vel placeat neque qui corrupti rerum. Voluptatum voluptatem quibusdam quae.', '1986-10-17 07:22:10'),
(345, 14, 145, 145, 'Iure ut architecto totam sit reprehenderit et voluptatum. Occaecati error nihil beatae quaerat eius iure repudiandae.', '2019-06-07 02:41:33'),
(346, 59, 146, 146, 'Facere tempora exercitationem sit aspernatur et eum repudiandae. Ullam optio sed voluptatem ad magni veniam quo dolores. Magni rem sed qui consequatur amet illo omnis. Dolorem culpa autem quisquam et aut qui. Ea aut qui accusamus ut consequatur aut.', '1973-03-18 20:20:18'),
(347, 118, 147, 147, 'Dignissimos eum officiis amet voluptatem minima deserunt et deserunt. Consequuntur sit praesentium velit eum dolores earum dolor non. Sit sunt eius alias voluptas ut.', '1970-09-15 04:01:02'),
(348, 13, 148, 148, 'Atque quisquam sed sapiente qui eveniet. Eius qui ut sit animi eum voluptas.', '1985-04-17 15:36:45'),
(349, 65, 149, 149, 'Pariatur a voluptas maiores minima exercitationem. Enim nostrum autem officiis aut. Ut aperiam hic vitae quod.', '1991-08-25 03:39:28'),
(350, 122, 150, 150, 'Adipisci qui id facilis cupiditate sequi soluta quasi. Nam vero soluta at deserunt sit qui. Animi rem cumque impedit et magnam.', '1983-10-19 20:40:51'),
(351, 86, 151, 151, 'Explicabo accusantium quod voluptas voluptatem et. Perspiciatis impedit suscipit in alias mollitia. Et ut maxime quia iusto repellat nisi. Maiores distinctio quia ea in facilis quia eos fuga.', '1989-10-20 08:23:03'),
(352, 113, 152, 152, 'Quod omnis doloremque aspernatur esse. Explicabo voluptas quia sit quae. Qui minus eos nihil ut ut aut qui ea.', '1988-08-29 08:38:09'),
(353, 97, 153, 153, 'Doloribus dicta molestiae velit nihil tenetur inventore. In dolorum ut iure alias similique. Est hic id corporis earum odio natus vel. Dolores et omnis consequuntur cum cumque aut voluptas.', '1978-05-07 06:04:54'),
(354, 63, 154, 154, 'Porro necessitatibus voluptates voluptatem quas dolores hic. Nihil ea natus placeat consectetur libero aut in. Ut atque repellat doloremque quos enim qui. Eaque itaque ad qui nulla.', '2001-03-17 17:00:46'),
(355, 102, 155, 155, 'Delectus perferendis ratione quia tempore. Reprehenderit cupiditate rem enim qui qui recusandae.', '1990-03-13 21:31:13'),
(356, 59, 156, 156, 'Debitis velit inventore nobis et. In omnis sit magni ipsam distinctio sunt. Porro voluptas enim culpa accusamus et cum.', '2014-04-06 06:47:35'),
(357, 72, 157, 157, 'Eius odit quo sint ab aperiam. Aliquam ullam facilis omnis rerum. Voluptate et eos iure fuga.', '1996-04-27 14:27:54'),
(358, 0, 158, 158, 'Sequi nesciunt rem consequatur deleniti. Alias rerum totam aut provident. Velit voluptatem iste esse perspiciatis excepturi nihil doloremque.', '1985-08-04 23:30:24'),
(359, 15, 159, 159, 'Eum recusandae cupiditate rerum eos odio ut similique. Voluptatem fugit ipsam distinctio et non tenetur. Sequi atque accusantium voluptas eius ut.', '2008-04-04 17:22:21'),
(360, 161, 160, 160, 'Omnis consequatur ut sint nisi error ipsa dolorum. Aliquid ea repellat sit fuga accusamus tempore non consequatur. Nemo rerum in dolor nisi odit accusantium. Voluptate qui accusamus dolor ex magni sequi et. Et rem quo officia qui et.', '1988-04-04 19:54:17'),
(361, 14, 161, 161, 'Ullam quos ipsum cumque doloremque ipsum. Omnis quae reiciendis nisi quis rerum nesciunt temporibus. Accusantium perferendis dolorum voluptas eum distinctio earum eligendi. Ducimus id laboriosam voluptas assumenda.', '1992-10-26 22:00:23'),
(362, 188, 162, 162, 'Commodi consequuntur reiciendis iure consequatur nemo saepe. Quidem non est qui architecto fuga at. Nesciunt sed autem voluptatem id est quo et. Sed hic voluptatum sunt eaque qui.', '1999-12-01 16:27:31'),
(363, 170, 163, 163, 'Voluptatem atque voluptatem et. Illo enim accusamus fuga.', '1983-09-08 19:29:43'),
(364, 68, 164, 164, 'Voluptatibus laudantium repudiandae eum impedit qui. Accusantium accusantium eveniet porro et animi ut est. Aut quo et voluptatem aperiam in.', '1996-03-29 22:28:57'),
(365, 118, 165, 165, 'Debitis repellat dolores quidem sit corporis veniam consequatur. Ratione sequi ipsum quasi incidunt et. Voluptatibus id est eos rem ut.', '2015-11-03 19:34:32'),
(366, 125, 166, 166, 'Ullam voluptas nihil totam. Rerum iste natus ducimus non aut beatae. Sint itaque quia eos possimus.', '2016-10-20 01:58:38'),
(367, 12, 167, 167, 'Et veritatis reiciendis ea. Nemo est consequatur voluptatem voluptatibus sed consequatur. Soluta magni adipisci corrupti necessitatibus aliquam nulla quos. Nihil praesentium sed ducimus harum facilis aut.', '2022-04-21 10:45:17'),
(368, 97, 168, 168, 'Distinctio molestiae rerum quibusdam voluptas quibusdam debitis voluptates hic. Autem sint aut corporis dolorem reprehenderit explicabo blanditiis aut. Sequi nihil officia voluptates dolor consequuntur nostrum. Autem harum magni et nam dolorem.', '2010-08-08 09:39:11'),
(369, 179, 169, 169, 'Molestiae eum voluptas non est aspernatur quo omnis blanditiis. Illo necessitatibus maiores minima at. Ipsa porro quas tempore. Quia ab praesentium voluptatum ut laborum.', '1980-09-17 19:22:58'),
(370, 120, 170, 170, 'Et quos est asperiores. Odio aut maiores nesciunt nihil asperiores numquam nulla. Enim vero quia ullam et consequatur nam non.', '2008-11-18 02:28:26'),
(371, 85, 171, 171, 'Dignissimos reiciendis qui voluptates consequatur at vitae quam. Laudantium est enim consequuntur excepturi. Qui quia illum aspernatur ipsam similique velit.', '1987-01-18 04:23:32'),
(372, 101, 172, 172, 'Officia aperiam maxime necessitatibus praesentium consequatur laborum. Dolores qui dolores voluptas. Dolorem iure quasi occaecati et illo. Dolorem atque impedit maxime sit cumque ut aut.', '2021-04-14 14:33:40'),
(373, 124, 173, 173, 'Dolorum necessitatibus occaecati hic quasi voluptate. Molestiae qui nesciunt veritatis ullam a incidunt aliquam.', '2008-06-10 10:12:03'),
(374, 169, 174, 174, 'Nesciunt sit vero et tempore magni eos maxime placeat. Exercitationem explicabo ipsam at qui mollitia. Dolor alias suscipit repellat. Molestiae maxime rem quam voluptatibus.', '1996-03-29 14:55:10'),
(375, 147, 175, 175, 'Deleniti voluptate incidunt repellat iusto omnis. Est at rerum quia temporibus rerum qui. Distinctio quia adipisci fuga est. Qui libero odit in dolor.', '1975-03-21 17:39:54'),
(376, 111, 176, 176, 'Placeat officia voluptatum repudiandae corrupti. Odit corporis dolore numquam et molestiae.', '2016-04-16 16:09:24'),
(377, 106, 177, 177, 'Vel neque quia eum iste consequatur ut velit. Occaecati nostrum provident ipsa saepe id at voluptatem necessitatibus. Qui iusto corporis quibusdam ut consequatur rerum vel.', '1972-11-07 07:42:42'),
(378, 200, 178, 178, 'Et sed minus officia itaque quis nihil nostrum modi. Ex id voluptates non repellat dolorem omnis consectetur.', '2016-05-22 16:40:13'),
(379, 162, 179, 179, 'Qui dolore consequatur enim. Qui totam nesciunt cumque magni. Assumenda quam beatae nostrum earum qui.', '2003-08-11 17:42:21'),
(380, 6, 180, 180, 'Libero ipsum nihil eveniet cum quis voluptates. Nobis consectetur repellat voluptatibus qui. Est nobis reiciendis quidem harum in voluptatem explicabo. Debitis repudiandae explicabo autem ut repellendus dolorem voluptates.', '1987-01-25 04:21:52'),
(381, 180, 181, 181, 'Dolor ab quae possimus nulla perspiciatis quam. Voluptatem eius saepe repellendus quis maxime. Inventore aut maxime accusamus et laboriosam et aut. Est adipisci tenetur voluptatem rerum itaque fugit.', '1977-07-02 09:49:08'),
(382, 97, 182, 182, 'Sed ipsam consequatur enim aut voluptatem repellendus labore. Aliquid necessitatibus ut itaque rerum. Quis facilis atque et sit. Sed quo ducimus voluptate dolor. Sunt est molestiae sint ut ratione.', '1972-12-09 07:01:50'),
(383, 103, 183, 183, 'Et velit ipsa rerum. Odio et laborum rerum cupiditate rerum ipsum aut. Aut ducimus ut dicta aut. Quia ut quisquam ut ut. Illo corrupti cupiditate illo itaque pariatur omnis.', '1988-09-10 14:26:56'),
(384, 149, 184, 184, 'Eaque qui soluta sint asperiores. Aut autem eius asperiores quibusdam rerum. Maxime enim harum in vero.', '2008-03-08 19:14:21'),
(385, 26, 185, 185, 'Quia architecto consequuntur voluptatem. Et beatae eos qui odio et dolor neque. Sint qui quia voluptas ipsa vel.', '2016-03-08 08:07:42'),
(386, 176, 186, 186, 'Possimus consectetur et optio impedit quos optio omnis laborum. Reiciendis quia praesentium voluptas eos sapiente sed exercitationem.', '1986-05-25 10:04:07'),
(387, 26, 187, 187, 'Neque eius earum autem impedit est tempore eaque. Odit est aut officiis rerum tempora laborum. Atque molestiae expedita quis culpa mollitia consequuntur. Voluptatem sapiente nihil et rerum quos.', '1974-11-09 13:57:22'),
(388, 5, 188, 188, 'Quis explicabo inventore magnam quisquam eum aliquid expedita. Mollitia explicabo repellat iste voluptas reiciendis.', '1992-09-25 16:44:36'),
(389, 135, 189, 189, 'Tempora et similique est voluptates et voluptatem qui. Maiores saepe est nobis libero. Qui autem mollitia atque aut illo deserunt quaerat.', '1979-03-01 06:31:51'),
(390, 172, 190, 190, 'Tempore saepe odio et natus. Numquam odio iusto aut cumque. Non iure culpa sunt.', '1996-09-12 15:52:48'),
(391, 30, 191, 191, 'Asperiores consequatur eligendi impedit consequatur placeat. Labore ut aperiam sed delectus quo. Laborum reprehenderit error pariatur.', '1995-03-31 23:33:28'),
(392, 189, 192, 192, 'Numquam quam sit aut architecto aut minus et dignissimos. Soluta non enim ut at quia fugit. Error numquam veniam reiciendis reiciendis.', '1991-05-22 10:08:25'),
(393, 175, 193, 193, 'Earum ut repellendus sit sit. Atque et iusto laborum exercitationem corrupti. Voluptatum omnis laboriosam distinctio accusantium nemo.', '2021-04-11 00:10:04'),
(394, 67, 194, 194, 'Earum velit nesciunt similique explicabo. Tempora voluptatem est tempora.', '1976-02-19 08:16:42'),
(395, 42, 195, 195, 'Molestias distinctio neque illum rerum distinctio vitae velit excepturi. Sit aliquam est omnis reprehenderit laboriosam. Consequatur praesentium molestiae maiores dolores. Ullam voluptatem earum quisquam at et.', '2018-07-05 08:29:57'),
(396, 170, 196, 196, 'Aliquam facere enim ut totam sit est. Ea labore dignissimos beatae. Est vitae quia et aut ut. Voluptatem molestiae debitis molestiae ut eum corporis.', '1996-09-12 04:45:15'),
(397, 163, 197, 197, 'Magni culpa hic rem voluptate rerum. Soluta et iusto aperiam. Praesentium voluptates molestiae laudantium recusandae ab nisi. Maxime aut doloremque debitis qui fugiat dolore consequuntur.', '1981-03-03 21:36:05'),
(398, 116, 198, 198, 'Expedita praesentium non enim explicabo nam sint officia. Mollitia similique qui et debitis eveniet. Fuga ipsa quasi quia sed consequatur. Sed non et expedita quis a quisquam.', '2009-08-06 19:45:21'),
(399, 156, 199, 199, 'Quia ea et doloribus aut distinctio. Enim recusandae perspiciatis qui quia consequatur quam commodi. Voluptatem vel quas exercitationem illo. Voluptate animi qui enim dolor et aliquid.', '1973-01-18 07:41:26'),
(400, 101, 200, 200, 'Voluptatum temporibus recusandae natus quis laborum voluptatem nam sequi. Hic fugiat unde mollitia. Quaerat ducimus accusantium ut blanditiis ipsum ut. Voluptatum voluptatibus fugiat odit. Blanditiis quod quasi quasi quibusdam quae consequatur.', '2005-01-18 01:28:43');

-- --------------------------------------------------------

--
-- Table structure for table `reader`
--

CREATE TABLE `reader` (
  `id` int(11) NOT NULL,
  `email` varchar(255) NOT NULL,
  `passkey` varchar(255) NOT NULL,
  `r_name` varchar(255) NOT NULL,
  `age` int(11) DEFAULT NULL,
  `created_at` datetime DEFAULT current_timestamp()
) ENGINE=InnoDB DEFAULT CHARSET=utf8;

--
-- Dumping data for table `reader`
--

INSERT INTO `reader` (`id`, `email`, `passkey`, `r_name`, `age`, `created_at`) VALUES
(1, 'faltenwerth@example.net', '254362998886', 'Dante Mante Sr.', 42, '1991-05-31 18:57:49'),
(2, 'yasmin.gulgowski@example.com', '425644036459', 'Miss Roxanne Raynor', 68, '2002-06-22 15:15:09'),
(3, 'schmeler.nyasia@example.com', '482349857658', 'Kenneth Spinka', 28, '2002-03-21 13:41:26'),
(4, 'kayla.lesch@example.net', '82386649854', 'Andre Fadel III', 97, '1974-11-04 01:57:51'),
(5, 'hamill.javonte@example.net', '921017126509', 'Ms. Glenda Bahringer PhD', 28, '1995-04-11 07:59:10'),
(6, 'rogelio73@example.com', '282168014167', 'Prof. Ed Gutmann', 71, '1985-09-29 08:29:46'),
(7, 'mbashirian@example.net', '759842949635', 'Miss Nova Franecki', 84, '2002-04-17 02:02:14'),
(8, 'claudine97@example.net', '14027631977', 'Cody Parisian DDS', 73, '2018-06-19 16:19:56'),
(9, 'kerluke.liliana@example.net', '788349916579', 'Shayna Hagenes', 24, '1987-01-18 23:00:18'),
(10, 'dach.peter@example.net', '529180185232', 'Mario Leannon', 74, '2006-01-18 11:32:00'),
(11, 'gregg41@example.org', '246511121211', 'Katrine Mann', 99, '1987-01-07 20:37:05'),
(12, 'farrell.marcus@example.com', '458866856275', 'Edyth McClure', 56, '1984-11-14 05:44:03'),
(13, 'marian59@example.org', '152264432214', 'Dalton Buckridge', 85, '1991-11-29 21:38:34'),
(14, 'sbednar@example.net', '613489310481', 'Prof. Adolph Grant II', 51, '2012-11-16 03:45:19'),
(15, 'schaden.domingo@example.net', '323901488882', 'Miss Mariane Haley III', 99, '2014-03-07 09:51:28'),
(16, 'smith.sydnee@example.net', '956222332859', 'Mr. Shad Bergnaum MD', 41, '1972-01-25 00:33:17'),
(17, 'karina.nienow@example.com', '758195264198', 'Elsa Leffler', 62, '2018-03-30 18:16:53'),
(18, 'alda88@example.org', '49809571476', 'Margaretta Armstrong', 60, '2002-04-13 07:19:58'),
(19, 'nya39@example.net', '196630009552', 'Dr. Maude Zboncak', 55, '2015-04-18 21:55:57'),
(20, 'mozell10@example.org', '321001852345', 'Dr. Hilton Johnston', 37, '2008-02-10 03:30:00'),
(21, 'maggio.jovany@example.com', '128385402671', 'Estevan Braun', 98, '2008-10-03 14:54:40'),
(22, 'veda.jacobson@example.net', '88679948485', 'Romaine Emard', 49, '2009-08-27 18:07:36'),
(23, 'hagenes.brown@example.org', '400395836263', 'Otilia Fisher', 98, '2014-05-08 09:35:08'),
(24, 'devonte98@example.org', '767331323327', 'Prof. Bruce Morar', 90, '1995-02-17 21:39:03'),
(25, 'rhianna43@example.org', '782423447321', 'Dr. Ramon Terry', 98, '1982-11-24 04:19:53'),
(26, 'mhahn@example.com', '211164984428', 'Ayla Bashirian Sr.', 70, '1991-01-28 09:51:33'),
(27, 'dannie.hammes@example.com', '138021413467', 'Perry Schneider', 99, '1995-05-18 01:24:13'),
(28, 'fadams@example.net', '374849432416', 'Prof. Kenya Stiedemann IV', 93, '1993-08-17 05:40:44'),
(29, 'brandon.dicki@example.org', '606353241030', 'Felipe Rowe', 39, '1982-08-19 19:35:48'),
(30, 'fanny43@example.net', '922358444258', 'Lorine Boehm', 38, '2014-02-23 22:32:21'),
(31, 'ugutkowski@example.net', '184696891973', 'Alexie Frami DVM', 63, '2002-09-27 00:33:28'),
(32, 'jerde.holly@example.com', '697165459709', 'Fannie Moore III', 29, '2014-03-03 05:05:29'),
(33, 'qconsidine@example.com', '29363453935', 'Sylvester Ledner Jr.', 16, '2003-06-06 16:54:23'),
(34, 'tate63@example.net', '932712012418', 'Dr. Alexanne Keebler MD', 78, '2013-08-22 14:08:56'),
(35, 'luisa.bosco@example.com', '306019921453', 'Tressa Dare', 55, '2019-06-19 01:46:53'),
(36, 'vrodriguez@example.net', '776070701818', 'Providenci Cummings', 21, '1972-09-19 05:49:59'),
(37, 'dzieme@example.org', '701298767356', 'Rex Hoppe', 67, '1994-06-08 00:45:50'),
(38, 'zoey.keeling@example.net', '882215896193', 'Daphnee Parker Sr.', 52, '2008-03-01 16:50:10'),
(39, 'dooley.whitney@example.org', '260884513471', 'Emma Russel', 95, '1972-11-10 09:08:36'),
(40, 'lester.doyle@example.net', '940996720097', 'Ms. Esta Howe', 96, '1975-02-04 23:23:12'),
(41, 'isom.ruecker@example.org', '916515413699', 'Kaylee McCullough', 97, '1987-08-23 21:44:31'),
(42, 'kamren56@example.org', '567027771097', 'Earnestine Rosenbaum', 94, '1973-07-03 04:47:31'),
(43, 'mercedes10@example.com', '824490068037', 'Violette Jerde III', 16, '2010-06-01 00:54:05'),
(44, 'ullrich.grover@example.net', '417786147608', 'Chase Reynolds', 68, '2011-07-24 11:39:30'),
(45, 'chasity.schumm@example.com', '240498555056', 'Reyna Pfannerstill', 16, '2011-07-24 08:56:32'),
(46, 'xwaters@example.com', '599754746783', 'Jackeline Wiegand', 52, '2007-01-05 06:28:49'),
(47, 'strosin.pamela@example.org', '564346644255', 'Mortimer Durgan PhD', 76, '1976-03-26 23:21:58'),
(48, 'floy.nienow@example.org', '572561072713', 'Melvin Bogisich', 100, '2016-03-19 18:51:09'),
(49, 'yjenkins@example.net', '963145112449', 'Dr. Lavada Kirlin I', 31, '2000-10-29 17:33:10'),
(50, 'furman.nicolas@example.net', '21438820470', 'Maye Herzog', 18, '1975-11-07 00:18:39'),
(51, 'will.evans@example.org', '493746886618', 'Alicia Morissette', 84, '1975-01-23 17:12:42'),
(52, 'deondre23@example.com', '310050100153', 'Alysson Balistreri', 20, '1985-02-07 20:54:07'),
(53, 'choeger@example.com', '235239144772', 'Dee Stroman', 23, '1975-08-30 18:57:08'),
(54, 'murray.denis@example.com', '79411659565', 'Dr. Kirsten Collier V', 46, '2001-10-01 07:36:09'),
(55, 'stark.isai@example.net', '324678210331', 'Sydney Greenfelder', 97, '1974-08-05 22:47:37'),
(56, 'sheila.denesik@example.org', '749922775214', 'Cathryn Schulist', 83, '1975-11-12 12:05:40'),
(57, 'jules63@example.com', '300992730742', 'Mrs. Marielle Tremblay', 58, '1978-06-24 21:15:58'),
(58, 'nina48@example.net', '527351738708', 'Jayson Lakin DVM', 18, '1998-03-09 01:44:20'),
(59, 'devon97@example.org', '633331036013', 'Sidney Kuhn', 84, '2000-05-21 06:31:57'),
(60, 'zmills@example.net', '352657438457', 'Vella Jast III', 24, '1986-11-27 11:33:49'),
(61, 'gwehner@example.org', '887880282198', 'Clara Ebert', 43, '1973-05-21 04:16:12'),
(62, 'uhand@example.org', '275146204891', 'Savannah Koss', 28, '1985-10-30 00:02:10'),
(63, 'caroline.dickinson@example.com', '319494656837', 'Ms. Liliana Roberts V', 94, '2014-10-09 09:32:51'),
(64, 'noe41@example.com', '559494355194', 'Anjali Krajcik', 79, '2005-08-12 02:36:00'),
(65, 'noemie02@example.org', '315281117249', 'Miss Brooklyn Cormier', 20, '2014-01-30 06:15:42'),
(66, 'arlene06@example.com', '301526862844', 'Wilmer Keeling', 19, '2005-08-20 20:29:25'),
(67, 'quentin24@example.org', '107472682548', 'Carrie Schowalter', 44, '2004-05-29 12:31:33'),
(68, 'herta.skiles@example.org', '173540572632', 'Marley Hermiston', 53, '2018-12-16 05:38:29'),
(69, 'arnold76@example.net', '3970235081', 'Ms. Alba Welch', 84, '2020-09-04 15:24:31'),
(70, 'uhyatt@example.org', '896035514845', 'Mr. Amparo Gaylord', 85, '1975-07-17 22:42:47'),
(71, 'marcus.turner@example.org', '442498920400', 'Dr. Chandler Bergnaum V', 35, '1994-12-03 09:16:50'),
(72, 'yluettgen@example.net', '817259949628', 'Ismael Baumbach', 97, '1972-02-26 06:29:06'),
(73, 'brandyn43@example.org', '653728846649', 'Prof. Berneice Mills', 75, '2020-11-25 04:09:09'),
(74, 'celia71@example.net', '840546552037', 'Bryce O\'Connell', 29, '1991-06-21 20:30:09'),
(75, 'ryan27@example.org', '609743277473', 'Angelita McLaughlin', 46, '2014-05-30 17:06:39'),
(76, 'jgreen@example.net', '239469112672', 'Narciso Goldner Sr.', 95, '1995-11-27 03:03:00'),
(77, 'hilpert.tabitha@example.com', '2428075612', 'Ms. Shaniya Sauer', 36, '2011-02-10 02:31:39'),
(78, 'bonita61@example.net', '108054933491', 'Stuart Dietrich Sr.', 82, '2021-11-14 16:00:56'),
(79, 'otis07@example.com', '770460008545', 'Rosanna Yost', 55, '1995-03-17 05:44:58'),
(80, 'lehner.issac@example.net', '956573138099', 'Mrs. Serenity Feil', 63, '1982-01-18 05:51:32'),
(81, 'zoey.morissette@example.org', '342985414860', 'Alexis Kuvalis', 55, '1975-06-14 04:01:10'),
(82, 'hcole@example.net', '833514662672', 'Velva Bins', 32, '2015-09-12 19:23:26'),
(83, 'pmoen@example.net', '174123340408', 'Lyda Glover', 28, '2001-06-30 22:29:24'),
(84, 'queen.wyman@example.org', '591090886658', 'Maye Boyle', 19, '1971-05-06 13:36:23'),
(85, 'iterry@example.com', '636134757199', 'Tiara Shanahan MD', 18, '1993-08-04 19:42:56'),
(86, 'crona.alejandrin@example.com', '656175815333', 'Peggie Berge', 77, '1985-07-11 16:13:40'),
(87, 'gcollier@example.com', '537115268019', 'Dr. Kariane Strosin III', 38, '1974-05-27 21:27:49'),
(88, 'aaron33@example.org', '402791405778', 'Christop Stoltenberg', 60, '1985-03-31 23:07:24'),
(89, 'dolores.schmidt@example.com', '909571323930', 'Constance Maggio Jr.', 20, '1992-10-07 20:26:20'),
(90, 'neha99@example.org', '826375049877', 'Sally Kuhn', 75, '2000-10-26 11:39:51'),
(91, 'amanda11@example.com', '652599543231', 'Sammie Skiles IV', 68, '1971-12-22 05:38:53'),
(92, 'elsie.stoltenberg@example.com', '333776762715', 'Dena Cremin', 42, '2011-11-13 07:24:25'),
(93, 'welch.maia@example.net', '255069655848', 'Jacinthe Strosin', 27, '2001-09-23 12:24:16'),
(94, 'haley.chelsey@example.net', '326729237762', 'Edwin Stracke', 36, '1972-06-12 17:19:49'),
(95, 'esperanza.goldner@example.net', '726697857602', 'Nannie Stoltenberg', 30, '1993-07-28 20:41:32'),
(96, 'aurelie83@example.org', '595359532913', 'Mrs. Earnestine Hettinger', 53, '1975-01-30 15:38:51'),
(97, 'carroll.joseph@example.org', '818929222054', 'Dr. Jamel Kreiger', 56, '1997-02-17 19:34:16'),
(98, 'natalia.fahey@example.com', '735939319008', 'Sidney Hirthe', 34, '1994-07-03 01:14:52'),
(99, 'kamryn.yost@example.net', '939122115389', 'Willis Erdman Sr.', 97, '1989-12-24 12:50:59'),
(100, 'dsauer@example.org', '355560818818', 'Hal Turcotte V', 57, '2018-03-10 11:26:27'),
(101, 'dcronin@example.net', '722185782836', 'Kenyatta Baumbach', 70, '2017-05-02 02:47:26'),
(102, 'chaim.beer@example.com', '139319750822', 'Rebecca Zulauf', 27, '2019-10-01 01:23:26'),
(103, 'chudson@example.org', '667149215210', 'Dr. Soledad Collins IV', 92, '1991-11-22 23:14:15'),
(104, 'adach@example.com', '804321392987', 'Carmella Wisoky', 53, '1979-04-22 19:38:00'),
(105, 'cleo10@example.org', '8006172978', 'Ardella Dare', 45, '2006-06-14 12:01:14'),
(106, 'idavis@example.org', '411039790280', 'Rachelle Anderson V', 91, '2009-09-07 06:00:26'),
(107, 'pietro.greenholt@example.org', '453034926137', 'Dr. Parker Schowalter', 31, '1980-06-07 02:30:56'),
(108, 'doberbrunner@example.net', '33759274762', 'Norbert Mills IV', 71, '1975-09-10 18:50:35'),
(109, 'hbailey@example.net', '751849300984', 'Frida Upton', 48, '1989-12-15 10:32:26'),
(110, 'braulio.mitchell@example.net', '833247163704', 'Prof. Beverly Bogan', 24, '2006-12-19 08:59:33'),
(111, 'lueilwitz.westley@example.com', '48027644093', 'Bette Welch', 48, '1994-11-01 03:59:14'),
(112, 'brittany40@example.net', '620023642442', 'Alia Boyer', 67, '2015-03-09 08:38:54'),
(113, 'ssauer@example.net', '792566408646', 'Miss Janis Ernser', 21, '1987-11-18 12:43:47'),
(114, 'ihilll@example.org', '466345254255', 'Nyasia Monahan', 21, '2009-07-24 12:48:37'),
(115, 'schroeder.hulda@example.com', '65015797010', 'Laurel West', 67, '1972-11-20 01:49:17'),
(116, 'greta69@example.org', '942203322290', 'Sammy Kuhn', 26, '2018-12-09 20:53:00'),
(117, 'torrance.cassin@example.net', '57235056573', 'Timothy Terry PhD', 54, '1981-10-19 06:06:23'),
(118, 'jermain85@example.net', '754839144714', 'Adrain Marvin', 85, '1978-05-25 07:21:59'),
(119, 'akreiger@example.net', '359762829895', 'Toby Buckridge', 46, '2012-04-18 23:32:38'),
(120, 'cecelia44@example.net', '415099187078', 'Dessie McKenzie', 76, '1992-07-19 02:26:57'),
(121, 'kyla.herzog@example.net', '5001680884', 'Kenneth Bartoletti', 31, '2018-06-17 08:10:35'),
(122, 'taryn.kassulke@example.org', '837938746559', 'Anibal Mohr PhD', 51, '2001-11-03 10:45:05'),
(123, 'abernathy.issac@example.org', '4632025022', 'Mabel Kulas', 44, '2016-03-02 19:31:29'),
(124, 'juliet.mann@example.com', '77015518039', 'Norbert Watsica', 71, '1979-09-19 23:32:52'),
(125, 'jreilly@example.net', '667921469544', 'Prof. Jayda Lang', 42, '1975-02-01 19:26:41'),
(126, 'antonette.lynch@example.net', '595952421242', 'Theresa Schiller', 48, '1993-09-08 09:06:00'),
(127, 'waino.grant@example.net', '456436820', 'Brady Mueller II', 89, '2004-02-20 03:15:05'),
(128, 'dagmar15@example.org', '790775811889', 'Prof. Breana Brekke DVM', 100, '2003-12-31 05:49:36'),
(129, 'hubert.barton@example.net', '141876570505', 'Deja White', 92, '2002-06-08 00:39:28'),
(130, 'sipes.tiffany@example.com', '747103444648', 'Hanna Gerlach', 64, '1985-06-25 07:52:00'),
(131, 'nils99@example.net', '103353644836', 'Lyda Gusikowski', 61, '1976-06-22 20:56:51'),
(132, 'dreichel@example.com', '787739446719', 'Buddy Bogisich', 93, '2012-11-16 21:53:26'),
(133, 'lloyd40@example.org', '687726795109', 'Erich Nolan', 90, '1978-02-16 02:30:46'),
(134, 'herman.andreane@example.org', '56896132522', 'Chelsie Jaskolski DDS', 18, '2022-04-28 08:02:17'),
(135, 'penelope.abbott@example.org', '574634260064', 'Gabriella Schumm', 35, '2003-07-18 08:03:26'),
(136, 'annetta.wisozk@example.org', '869717564320', 'Marc Reichel', 99, '1995-08-05 18:02:27'),
(137, 'weston.sauer@example.net', '97469636841', 'Izaiah Hills Sr.', 87, '1971-04-18 00:38:43'),
(138, 'jazmyne.lang@example.com', '524355401914', 'Dr. Neoma King', 84, '1976-12-16 04:27:20'),
(139, 'wilderman.russ@example.com', '375624793729', 'Newton Murray I', 69, '2009-05-17 15:03:06'),
(140, 'kuhlman.javon@example.org', '717467407413', 'Rossie Aufderhar III', 71, '2022-08-29 20:26:45'),
(141, 'melba.bartell@example.net', '175171802168', 'Mavis Mills', 88, '2021-04-07 05:33:39'),
(142, 'aufderhar.darion@example.net', '292086161258', 'Conrad Koss', 21, '2004-12-08 15:12:06'),
(143, 'cruickshank.elvis@example.com', '257202138331', 'Miss Marta Schmitt', 54, '2008-05-10 17:55:04'),
(144, 'wschneider@example.org', '414259119976', 'Hassan Dickens IV', 38, '1999-01-13 23:55:50'),
(145, 'kitty.raynor@example.net', '378818393492', 'Mr. Terence Considine', 99, '1977-11-03 13:07:17'),
(146, 'rstoltenberg@example.org', '446346913502', 'Tavares Murray', 81, '1997-04-10 04:56:02'),
(147, 'shakira01@example.net', '433033824648', 'Rachael Bosco', 98, '1998-06-05 18:17:53'),
(148, 'hildegard04@example.org', '559553631014', 'Dina Armstrong V', 81, '2021-05-15 03:23:49'),
(149, 'thurman29@example.net', '370724595503', 'Tressa Rath', 51, '2016-07-22 18:04:38'),
(150, 'willie05@example.com', '336841778110', 'Neil Yost', 56, '2005-10-26 22:09:07'),
(151, 'leopold49@example.net', '126650286871', 'Jeremie Stanton', 89, '1984-05-21 16:22:35'),
(152, 'hilario.kautzer@example.org', '347713098801', 'Rose Muller IV', 19, '2009-03-28 23:03:18'),
(153, 'amya98@example.com', '304835880601', 'Ms. Daniela Mitchell Jr.', 75, '2021-01-14 07:07:46'),
(154, 'pouros.alexander@example.org', '361465610503', 'Ulises Smith', 38, '1976-02-27 21:22:06'),
(155, 'jkerluke@example.net', '161540288328', 'Prof. Bertha Murray', 21, '2011-02-04 22:53:49'),
(156, 'qgutkowski@example.org', '691800736812', 'Prof. Scottie Koelpin', 24, '1972-05-21 23:16:57'),
(157, 'filomena02@example.org', '704666908733', 'Dr. Jordon Waters', 20, '1993-04-11 05:50:08'),
(158, 'torrance.ratke@example.com', '165296246008', 'Pearl Champlin', 27, '1975-01-22 22:42:26'),
(159, 'wgreen@example.net', '518847589747', 'Cecile Dooley I', 33, '2010-05-01 20:44:28'),
(160, 'laila68@example.org', '357097690400', 'Ms. Carmella Monahan Sr.', 50, '1999-03-13 02:44:38'),
(161, 'legros.naomi@example.net', '690812627761', 'Tristin Dooley', 20, '2002-02-24 05:32:52'),
(162, 'ryann72@example.net', '982923117118', 'Ashley Lakin', 70, '2016-11-17 23:53:53'),
(163, 'bode.yasmin@example.org', '306466084287', 'Beatrice Stanton', 83, '2012-08-23 02:53:18'),
(164, 'anika38@example.net', '688603911438', 'Ms. Eloise Schroeder V', 65, '1994-02-28 04:14:55'),
(165, 'heaney.russel@example.com', '910194486095', 'Gladyce Heathcote', 27, '1970-07-18 15:01:49'),
(166, 'anibal.douglas@example.org', '151098777110', 'Mrs. Maryam Koss I', 23, '1991-12-08 06:41:39'),
(167, 'block.geovanny@example.org', '442752205531', 'Desmond Kohler', 35, '1995-10-10 17:03:23'),
(168, 'herzog.frederick@example.org', '45686853856', 'Ebba Dicki', 45, '2015-03-17 23:56:11'),
(169, 'ford.ferry@example.net', '222344086280', 'Prof. Ezra Schimmel DDS', 60, '2014-08-03 03:44:04'),
(170, 'nickolas.zulauf@example.net', '822116519577', 'Neva Ledner', 56, '1974-12-31 13:28:22'),
(171, 'mozell.bayer@example.com', '870460069469', 'Dr. Brendan Renner', 63, '2004-10-23 17:55:16'),
(172, 'cornell87@example.com', '287579916041', 'Christiana Schneider', 75, '2002-12-12 15:33:41'),
(173, 'lmann@example.org', '405543979774', 'Mrs. Alvena Greenfelder DVM', 51, '1983-01-16 18:24:48'),
(174, 'pattie24@example.com', '702804307985', 'Elian O\'Kon', 88, '1986-01-18 09:14:25'),
(175, 'agnes.homenick@example.org', '648920060794', 'Prof. Mercedes Dibbert', 54, '2011-12-20 08:22:35'),
(176, 'rstehr@example.net', '137759860842', 'Sophia Becker', 28, '1999-10-17 03:01:34'),
(177, 'hackett.maci@example.net', '857214388744', 'Elinore Wintheiser', 40, '1991-05-29 07:54:49'),
(178, 'mollie11@example.org', '216869370760', 'Kristina Dickens', 83, '1983-09-27 14:15:55'),
(179, 'ybuckridge@example.org', '260812374294', 'Westley Murphy', 63, '1995-07-31 13:13:34'),
(180, 'rodrick.bernier@example.org', '761153514420', 'Viva Harber', 31, '1999-10-19 14:06:20'),
(181, 'nmuller@example.org', '352863802568', 'Prof. Kailey Daniel', 83, '2018-03-31 16:25:56'),
(182, 'kchamplin@example.org', '776053398476', 'Ezekiel Gusikowski', 59, '1976-10-27 17:44:25'),
(183, 'garland.kuhlman@example.org', '748494617045', 'Burdette Jaskolski', 94, '2008-11-11 15:00:47'),
(184, 'mcclure.josh@example.net', '559814472764', 'Mrs. Haylie Parker', 26, '1994-04-15 22:33:00'),
(185, 'reva.kautzer@example.com', '254901541544', 'Casimir Crooks III', 77, '1981-10-11 13:03:23'),
(186, 'witting.mustafa@example.net', '631075137494', 'Mrs. Katelynn Balistreri', 20, '1982-02-14 11:03:29'),
(187, 'veronica.kilback@example.net', '721561857836', 'Kaitlin Waters', 66, '1997-03-29 03:01:56'),
(188, 'zschultz@example.net', '368979961969', 'Garfield Gibson', 35, '1992-10-09 03:50:38'),
(189, 'javon.miller@example.net', '671831832109', 'Hubert Wiegand', 26, '1989-01-29 18:59:06'),
(190, 'toby.swaniawski@example.com', '751352885302', 'Mrs. Aryanna Johnston DDS', 96, '1974-11-07 05:46:25'),
(191, 'sophia.halvorson@example.net', '519555321299', 'Wallace Jones', 76, '2010-10-29 09:46:31'),
(192, 'jones.olaf@example.net', '171078465880', 'Dayne Stark', 45, '1995-06-11 22:56:32'),
(193, 'kuhn.roderick@example.org', '221494514779', 'Prof. Guadalupe Thompson V', 27, '2012-08-07 13:11:53'),
(194, 'wo\'keefe@example.com', '136251422451', 'Aubree Hayes', 22, '2022-05-01 17:30:23'),
(195, 'bherzog@example.org', '544680517915', 'Beaulah Turner', 27, '2022-06-01 02:24:39'),
(196, 'kuvalis.tyshawn@example.net', '887072732376', 'Myles Spinka IV', 64, '1981-10-31 02:22:01'),
(197, 'domenico.tromp@example.com', '724874534809', 'Eleanora Von', 56, '1997-03-23 21:34:30'),
(198, 'candido.zieme@example.org', '267703911215', 'Mr. Laverna Becker', 88, '1993-01-25 14:18:38'),
(199, 'janet.connelly@example.org', '505027808320', 'Cecil Parker II', 76, '2011-03-18 12:43:07'),
(200, 'monty.adams@example.org', '797189561201', 'Vivien Bayer', 47, '1976-05-22 05:26:34');

--
-- Indexes for dumped tables
--

--
-- Indexes for table `admin_cred`
--
ALTER TABLE `admin_cred`
  ADD PRIMARY KEY (`id`),
  ADD UNIQUE KEY `email` (`email`);

--
-- Indexes for table `admin_details`
--
ALTER TABLE `admin_details`
  ADD UNIQUE KEY `admin_id` (`admin_id`);

--
-- Indexes for table `author_cred`
--
ALTER TABLE `author_cred`
  ADD PRIMARY KEY (`id`);

--
-- Indexes for table `author_details`
--
ALTER TABLE `author_details`
  ADD KEY `fk_author_id_for_details` (`author_id`);

--
-- Indexes for table `blogs`
--
ALTER TABLE `blogs`
  ADD PRIMARY KEY (`id`),
  ADD KEY `fk_author_id` (`author_id`);

--
-- Indexes for table `blog_opinions`
--
ALTER TABLE `blog_opinions`
  ADD PRIMARY KEY (`id`),
  ADD KEY `fk_blog_id_for_openion` (`blog_id`);

--
-- Indexes for table `comments`
--
ALTER TABLE `comments`
  ADD PRIMARY KEY (`id`),
  ADD KEY `reader_id` (`reader_id`),
  ADD KEY `fk_blog_id_for_comment` (`blog_id`);

--
-- Indexes for table `reader`
--
ALTER TABLE `reader`
  ADD PRIMARY KEY (`id`),
  ADD UNIQUE KEY `email` (`email`);

--
-- AUTO_INCREMENT for dumped tables
--

--
-- AUTO_INCREMENT for table `admin_cred`
--
ALTER TABLE `admin_cred`
  MODIFY `id` int(11) NOT NULL AUTO_INCREMENT, AUTO_INCREMENT=201;

--
-- AUTO_INCREMENT for table `author_cred`
--
ALTER TABLE `author_cred`
  MODIFY `id` int(11) NOT NULL AUTO_INCREMENT, AUTO_INCREMENT=101;

--
-- AUTO_INCREMENT for table `blogs`
--
ALTER TABLE `blogs`
  MODIFY `id` int(11) NOT NULL AUTO_INCREMENT, AUTO_INCREMENT=204;

--
-- AUTO_INCREMENT for table `blog_opinions`
--
ALTER TABLE `blog_opinions`
  MODIFY `id` int(11) NOT NULL AUTO_INCREMENT, AUTO_INCREMENT=202;

--
-- AUTO_INCREMENT for table `comments`
--
ALTER TABLE `comments`
  MODIFY `id` int(11) NOT NULL AUTO_INCREMENT, AUTO_INCREMENT=401;

--
-- AUTO_INCREMENT for table `reader`
--
ALTER TABLE `reader`
  MODIFY `id` int(11) NOT NULL AUTO_INCREMENT, AUTO_INCREMENT=201;

--
-- Constraints for dumped tables
--

--
-- Constraints for table `admin_details`
--
ALTER TABLE `admin_details`
  ADD CONSTRAINT `fk_admin_id` FOREIGN KEY (`admin_id`) REFERENCES `admin_cred` (`id`);

--
-- Constraints for table `author_details`
--
ALTER TABLE `author_details`
  ADD CONSTRAINT `fk_author_id_for_details` FOREIGN KEY (`author_id`) REFERENCES `author_cred` (`id`);

--
-- Constraints for table `blogs`
--
ALTER TABLE `blogs`
  ADD CONSTRAINT `fk_author_id` FOREIGN KEY (`author_id`) REFERENCES `author_cred` (`id`);

--
-- Constraints for table `blog_opinions`
--
ALTER TABLE `blog_opinions`
  ADD CONSTRAINT `fk_blog_id_for_openion` FOREIGN KEY (`blog_id`) REFERENCES `blogs` (`id`);

--
-- Constraints for table `comments`
--
ALTER TABLE `comments`
  ADD CONSTRAINT `fk_blog_id_for_comment` FOREIGN KEY (`blog_id`) REFERENCES `blogs` (`id`),
  ADD CONSTRAINT `reader_id` FOREIGN KEY (`reader_id`) REFERENCES `reader` (`id`);
COMMIT;

/*!40101 SET CHARACTER_SET_CLIENT=@OLD_CHARACTER_SET_CLIENT */;
/*!40101 SET CHARACTER_SET_RESULTS=@OLD_CHARACTER_SET_RESULTS */;
/*!40101 SET COLLATION_CONNECTION=@OLD_COLLATION_CONNECTION */;
